lat,lon,store
-6.93653,107.61988,B361
-6.42907,106.95894,E935
-7.32799,107.79439,B699
-2.99986,120.1979,R378
-6.19251,106.81805,J208
-0.26412,109.36307,1PT8
-7.16047,108.00737,B781
-5.48281,104.54669,L109
-6.13147,105.86508,T935
-4.80263,105.22337,1VB8
-6.96866,109.07087,V582
-6.23979,106.66258,AB67
-6.44692,106.86668,X715
-7.02762,106.94714,2J22
-6.38402,106.84684,X357
-8.28321,112.97407,Y376
-6.22336,106.84915,1MD4
-7.16919,107.89549,B398
-6.95578,107.75497,B300
-6.1935,106.95759,J072
-7.65981,109.7073,I186
-7.61254,109.40723,I268
-6.21163,106.87877,J001
-7.30513,109.37621,I222
-7.38803,109.20117,I231
-7.69468,109.69728,I233
-7.33531,108.68597,I236
-7.21622,107.92567,B487
-6.96163,107.79225,B490
-6.73841,108.01043,B493
-6.29964,107.16641,C028
-6.93442,107.71826,B511
-7.1547,108.1474,B525
-6.27309,107.00845,C019
-7.62173,108.10465,B530
-7.19143,107.88653,B548
-7.3041,108.24345,B559
-6.89468,107.6437,B564
-6.91037,107.68966,B570
-5.73606,105.59113,L010
-6.12798,106.89911,J226
-6.11515,106.88995,J227
-6.12168,106.9133,J232
-5.10499,105.29892,L028
-5.10539,105.33303,L026
-5.03904,105.27529,L025
-5.09904,105.18989,L178
-6.15022,106.8673,J492
-6.25885,106.87869,J495
-6.21371,106.86137,J327
-4.94745,105.15462,L190
-6.2226,106.94206,J385
-6.21023,106.93861,J389
-5.19224,105.17723,L094
-5.59521,105.51481,L048
-4.97918,105.32565,L054
-5.47978,104.92863,L081
-6.21248,106.89774,J127
-5.10487,105.65835,L086
-4.97214,105.44249,L093
-4.79895,105.0101,L161
-5.31357,105.19593,L168
-6.18763,106.89684,J147
-5.01974,104.1091,L173
-5.46922,105.32212,L009
-5.31119,105.74395,L060
-5.31377,105.28652,L062
-4.85401,104.92025,L066
-5.18721,105.31605,L067
-5.16138,105.50868,L113
-6.15591,106.73101,K191
-6.2056,106.85134,J182
-6.17638,106.84457,J194
-6.20591,106.6283,K427
-5.13989,105.03664,L156
-5.41415,104.9384,L073
-5.13537,105.46764,L075
-6.97096,109.87384,H274
-7.38184,109.359,I034
-7.72115,109.73735,I039
-7.43068,109.256,I151
-7.10432,109.91586,H370
-7.63033,109.56989,I029
-7.38482,109.33373,I115
-7.10407,110.27219,H103
-7.37907,109.38459,I134
-7.68412,109.50819,I135
-6.97825,110.39081,H115
-6.70471,111.34669,H171
-7.22216,110.36728,H172
-7.18158,110.42454,H176
-7.08831,110.30771,H236
-7.12394,111.12729,H240
-6.15333,106.80798,K249
-7.67552,109.6606,I075
-6.91421,109.65972,H003
-6.17704,106.9044,J270
-6.98784,110.38268,H006
-7.00064,110.42562,H264
-7.29881,108.76451,I083
-7.39894,109.35055,I013
-6.69261,110.70696,H214
-7.14087,111.5971,H346
-6.9497,107.61,B201
-6.91797,107.66266,B071
-7.09556,110.91331,H064
-6.74969,110.72439,H062
-4.01506,119.6223,R103
-6.30991,107.02279,C482
-7.62339,111.48775,O270
-6.9291,107.67979,B621
-6.0766,106.5876,T234
-6.30431,107.56717,C485
-6.0998,106.56042,T303
-6.98647,110.36668,H421
-6.72704,105.87215,T457
-6.40427,107.45883,C081
-8.21763,111.32084,O287
-7.74,109.54213,I286
-7.60575,109.44071,I307
-6.22486,106.20725,T493
-6.29161,106.74372,AA02
-6.11561,106.23205,T005
-6.36365,107.53905,C961
-6.28535,106.70095,AA09
-6.88779,110.99093,H445
-6.23012,106.55952,T059
-6.70973,107.50174,C498
-5.92809,105.99643,T387
-7.7742,110.41356,O181
-6.36315,106.23272,T533
-6.29726,107.29758,C716
-6.47236,106.88833,E026
-6.23667,106.51039,T069
-5.19792,105.76923,L299
-6.24982,106.75676,K687
-6.25438,106.73748,A053
-6.27886,106.66971,A056
-6.22022,106.60164,T285
-6.22208,106.64568,AB17
-6.03343,106.38048,T024
-7.84037,110.31328,O198
-7.60516,111.89732,M473
-5.10336,119.5103,R071
-6.13368,106.92111,J566
-6.33977,107.24851,C502
-6.17271,107.18072,C508
-4.91186,104.66131,L260
-4.74636,105.54606,L262
-7.56147,112.23553,M227
-6.19726,107.17455,C783
-8.6354,115.20693,Q049
-7.49065,110.21397,O174
-6.80913,107.14857,N239
-6.22481,107.02035,C598
-8.17821,112.63879,M231
-5.18706,119.4319,R017
-7.96086,112.71859,M004
-7.6844,110.8491,O084
-6.32929,107.2831,C137
-7.56704,110.77997,O014
-7.55403,110.73987,O012
-7.60283,112.10333,M119
-7.42464,109.21253,I155
-7.42449,109.2511,I162
-6.56017,107.77514,N110
-7.52082,110.98808,O075
-6.85028,107.12998,N140
-7.94752,112.74662,M320
-8.1654,112.69288,M324
-8.08728,112.63686,M122
-7.53908,112.27688,M187
-7.42826,111.01645,O076
-6.93853,107.75426,B042
-7.69191,112.27063,M182
-7.96215,112.63049,M020
-7.98928,112.63864,M026
-7.75299,110.44844,O001
-6.2589,107.07241,C614
-7.96215,110.59711,O037
-7.86565,110.73535,O039
-8.19281,114.93591,Q038
-6.27088,107.01777,C620
-6.38716,107.1169,C849
-6.30294,107.29617,C847
-7.69756,110.70433,O021
-6.28645,106.99189,C522
-7.21665,110.90196,H320
-7.22806,110.1093,H318
-6.23584,107.07321,C369
-6.87824,107.57954,N086
-7.49293,110.2275,O159
-7.93123,112.63688,M038
-6.86154,107.501,N230
-6.21679,107.03494,C569
-6.90186,107.65767,B087
-7.63134,110.59808,O056
-7.55287,110.25289,O060
-8.55019,115.37117,Q021
-7.94598,112.65723,M116
-6.87592,107.5507,N002
-7.8346,112.05133,M171
-7.89316,112.67198,M013
-5.13083,119.42321,R009
-7.46471,110.22495,O103
-7.57074,110.83976,O110
-7.47315,108.63514,B831
3.60262,98.69573,W028
-6.67351,108.54239,V237
-8.15905,113.70406,Y045
-8.31483,113.41843,Y079
-6.90634,108.74389,V274
-6.25881,106.80074,K956
-6.93982,110.15048,H553
-7.22469,112.75935,U449
-6.64897,108.53107,V330
-6.70593,108.41926,V409
-6.82952,107.92224,B740
-6.89897,112.05934,U185
-6.70612,106.82199,X074
-7.69952,112.711,M628
-6.59546,108.38321,V212
-6.73345,110.72477,H457
-6.44649,106.75925,X112
-6.90517,112.071,U217
-7.22899,112.7453,U443
-6.9016,106.84614,X045
-6.33802,106.79448,X408
-6.5307,106.7996,X131
-7.6136,111.54301,O431
-6.86149,108.53125,V353
-6.8255,108.52446,V146
-6.97082,108.45583,V162
-6.9839,108.48059,V154
-6.70525,107.03482,X080
-7.71657,113.52344,Y088
-7.75753,113.43773,Y091
-8.54353,116.10717,Q176
-2.96028,104.79379,P215
-6.82416,108.72606,V150
-6.63971,108.39296,V211
-6.21551,106.60335,T686
-6.7238,108.46582,V163
-7.7821,113.22853,Y102
-3.76812,103.8056,P251
-6.34756,106.97744,ED70
-7.77144,113.17153,Y095
-6.30528,106.92527,ED60
-6.76326,108.43996,V175
-6.3194,106.58159,T510
-6.7132,105.64671,T705
-6.35533,106.85199,X428
-6.37523,106.7713,X437
-6.92283,107.62115,B761
-7.31886,112.73764,U460
-6.90093,107.65373,B780
-6.07153,106.15626,T014
-6.5087,107.48379,CB72
-6.29326,106.91884,ED62
-8.17786,113.79958,Y128
-6.24583,106.75197,K944
-6.22443,106.94249,J506
-5.14629,119.44485,R043
-8.15625,113.66666,Y134
-6.73912,108.56372,V194
-6.94696,109.13653,V358
-7.6922,111.42069,O448
-6.76642,110.83114,H564
-6.7662,108.17503,V073
0.51722,101.42496,1A10
0.50051,101.43915,1A15
-6.91893,106.95613,X026
-7.84265,112.46801,M383
-8.59479,116.14016,Q189
-6.54742,108.28516,V305
-7.24015,112.72077,U435
-6.36616,106.77522,X440
-6.97883,109.1398,V363
-2.98649,104.75694,P088
-7.48257,109.42471,I380
-6.25608,106.65153,AC43
3.59714,98.64461,W002
-6.17189,106.56188,T079
-6.27791,106.49223,T152
-6.92231,109.18704,V367
-2.94269,104.73101,P233
-6.56653,106.78403,X179
-6.76745,106.79567,X064
-6.90486,106.88679,X041
-6.79696,106.7683,X059
-7.2158,107.90969,B471
-8.1873,113.66702,Y124
-5.14971,119.44151,R250
-6.22702,106.94717,EF79
-6.6881,106.94032,X096
-6.73695,108.58062,V245
-7.42644,109.578,I386
-6.28976,106.89554,EF34
-6.23001,106.82156,K904
-6.87376,108.94715,V318
-6.93998,108.89217,V321
-6.86807,109.0405,V317
-6.50694,106.0854,T657
-7.95214,112.67377,M509
-2.93512,104.73488,P035
3.61568,98.66592,W038
-6.48585,106.83573,X451
-6.21315,106.99534,EF89
-6.1813,106.98151,EF90
-6.49199,106.765,X211
-6.08073,106.42019,T027
-6.67448,108.45241,V247
-7.39708,112.69913,U446
-6.92661,106.92121,X030
-6.91277,106.93361,X035
-8.26265,113.5449,Y066
-6.56583,106.61466,X195
-6.32271,106.907,EF39
-6.22682,106.98614,EG11
-6.26661,106.92547,ED38
-6.25547,106.79045,K965
-6.20546,107.01338,ED25
-6.4982,106.75595,X140
3.61254,98.80018,W042
-8.12295,113.74593,Y073
-6.6076,106.79478,X204
-7.92804,112.6322,M629
-8.11883,113.39225,Y074
-6.73771,108.34615,V049
-6.95897,107.75785,B606
-7.69075,109.03631,I330
-4.01509,119.6577,R154
-8.82388,115.16407,Q136
-7.44573,112.72497,U386
-7.68142,111.3392,O320
-6.24548,106.73157,AB58
-7.28281,112.71822,U074
-5.12678,119.4383,R023
-6.2846,106.78108,K715
-6.91491,107.53667,N347
-7.35051,108.30589,B555
-6.76303,108.59776,V233
-7.85133,111.46964,O319
-3.46004,104.23467,P133
-2.93411,104.7154,P100
-5.14476,119.42909,R082
-6.23204,106.70182,AA74
-7.26979,112.73091,U092
-7.33077,112.7044,U310
-5.39719,105.21309,L397
-6.74203,108.43944,V176
-5.16824,119.49914,R152
-6.5665,107.45379,CA31
-7.28067,112.69066,U227
-7.22559,112.55061,U228
-6.16553,106.53194,T112
-6.17994,106.45074,T120
-7.01069,110.4361,H251
-6.37645,105.82775,T461
-6.23376,106.7573,K821
-6.90865,107.67264,B716
-8.59446,116.10998,Q146
-6.91508,107.63113,B454
-6.9172,107.69879,B597
-3.23779,104.43718,P015
-6.32014,108.32721,V005
-6.40839,108.25632,V011
-7.17329,112.60365,U230
-6.89761,113.15428,U233
-7.03607,107.71567,B605
-2.98064,104.75729,P032
-2.91377,104.6674,P033
-7.02069,110.69963,H499
-7.9098,112.62002,M507
-6.30502,107.93356,V107
-6.31451,108.02951,V114
-6.12463,106.61043,T233
-7.0375,107.97769,B712
-6.36047,106.9767,EB17
-6.70517,108.41664,V058
-6.71233,108.51903,V061
-7.26581,112.72411,U410
-6.8898,107.63017,B373
-6.91817,107.7071,B698
-6.6615,105.58284,T639
-7.12105,112.60227,U120
-8.02314,113.77736,Y015
-7.60615,112.05215,M363
-6.70393,108.50778,V065
-6.64588,107.391,CB30
-6.34256,107.95637,V104
-7.02562,110.42835,H148
-3.38607,104.27034,P136
-8.13574,112.4211,M479
-4.64608,104.74007,L273
-5.20637,119.38746,R130
-4.85705,104.57172,L377
-2.97569,104.74926,P149
-6.47193,108.158,V016
-7.2882,112.76521,U132
-7.25096,112.72051,U252
-6.90157,112.14586,U249
-3.02031,104.68408,P095
-6.46172,107.6887,N382
-6.15408,106.57585,T212
-7.20847,107.88797,B623
-7.22077,107.91074,B656
-7.02964,112.74966,U281
-7.11882,112.40725,U283
-7.13379,112.43193,U270
-7.25032,112.7926,U269
-7.22747,112.76361,U401
-6.32509,106.09132,T370
-8.64582,115.16839,Q073
-4.18387,104.60907,P004
-6.48653,107.39262,CA35
-5.17024,119.41226,R153
-6.92484,107.65434,B494
-5.20306,119.45082,R035
-7.75522,111.52518,O249
-7.72014,111.50653,O248
-6.70434,111.24189,H511
-3.84431,104.89824,P130
-6.93135,107.61257,B318
-6.24726,106.83189,K884
-7.66103,109.15802,I323
-3.24967,104.67224,P106
-7.63337,109.24377,I334
-3.99695,119.63632,R202
-6.90802,110.79994,H483
-7.29147,112.76238,U213
-7.15382,112.61474,U142
-7.17203,112.72217,U150
-7.48605,108.80501,I319
-6.75821,111.48897,H509
-2.99509,104.81108,P047
-6.26926,106.83777,K891
-7.15274,112.51756,U298
-7.29717,112.63481,U260
-5.11751,119.41793,R002
-4.44186,104.74596,L280
-8.07897,111.92699,M533
-2.92814,104.71652,P066
-5.089,119.52835,R021
-7.97478,112.6733,M486
-7.12686,112.09952,U186
-6.3115,106.10642,T585
-7.84502,110.21841,O316
-7.36447,112.71457,U349
-6.30228,106.82645,KA91
-6.30473,106.85028,EG53
-7.46503,112.22751,M662
-7.39575,109.56503,I416
-7.5997,108.92119,I283
-8.25402,113.74261,Y217
-6.67603,107.585,CC52
-6.62906,107.40406,CC53
-6.21594,106.63889,AD77
-6.24911,106.85861,K774
-6.24995,106.8364,K769
-4.82363,104.88835,L445
2.95986,99.07267,W151
-5.16435,119.4697,R276
-6.87759,109.2783,V437
-6.1418,106.83908,J777
-7.68188,108.66402,B828
-7.31698,108.30636,B518
-7.82833,111.98669,M630
-8.14707,112.14406,M471
-7.61325,109.36148,I017
-7.60847,109.51075,I026
-7.40856,109.08296,I139
-6.141,106.53608,T092
-7.40399,111.05748,O302
-8.08887,112.17379,M049
-7.66091,111.86846,M111
-7.6689,109.61837,I187
-7.4079,109.23534,I198
-6.30402,106.95627,EF06
-7.69553,110.49362,O152
-7.16434,111.61142,U534
-4.02928,104.75231,P007
-7.58629,110.81568,O121
-7.42713,109.26466,I230
3.62285,98.6798,W095
3.54364,98.69875,W169
-8.61889,116.25074,Q251
-3.40929,104.25543,P098
-6.34733,106.87441,EF45
-6.33327,106.89414,EF42
-6.17708,106.44042,T122
-7.96774,112.68614,M751
-6.42025,107.78798,N519
-3.28121,102.88999,P382
-7.32975,108.36415,B660
-7.3465,108.5165,B826
-7.75523,110.36219,O071
-4.76302,105.21904,P354
-7.97813,113.89059,Y219
-8.76001,115.17609,Q255
-7.69969,112.85536,Y221
0.53158,101.46611,1A97
-2.97511,104.77218,P114
0.45005,101.45618,1A71
0.55975,101.43672,1A69
-7.64376,112.23703,M753
-7.67368,110.83961,O091
-8.28082,113.53931,Y058
3.62017,98.70754,W146
-6.92924,107.60079,B864
-6.37014,108.29956,V441
-7.7472,108.01204,B632
-3.00943,104.7463,P090
-6.91307,107.48005,N522
-8.08719,111.90756,M766
-6.21883,106.96428,EF81
-6.93913,107.67718,B971
-7.01861,107.60354,B952
-3.78147,103.56163,P380
-7.2175,112.09438,U519
-7.54406,110.79074,O455
-6.31294,107.1528,C868
-7.55472,110.87152,O041
-7.95272,110.67819,O040
-4.2412,105.2565,P368
-6.50286,107.55075,CC38
-5.15647,119.41804,R136
3.54261,98.65547,W025
-1.59208,103.62833,1D65
-6.94593,107.66277,B975
-6.89703,107.61978,B953
-7.00211,110.47129,H643
3.56287,98.61922,W048
-7.60403,110.21067,O059
-8.19617,111.11104,O278
-5.04064,119.56856,R151
-6.93366,107.4976,N431
-2.9424,104.77521,P061
-6.34936,106.80175,EG52
-6.99299,107.58332,B798
-6.77802,106.01776,T418
-7.64931,111.04727,O045
-7.04367,109.89994,H655
-6.2846,107.81517,N457
-4.54043,120.33295,R184
-6.16166,106.7846,K951
-6.81428,107.95054,B059
-6.83921,107.91069,B982
-3.40093,104.82746,P206
3.51389,98.63309,W096
-7.68322,112.95711,Y176
-7.5858,112.79157,Y179
-6.97644,109.11982,V424
-6.40546,106.31262,T656
-7.82646,112.7186,M756
-1.60624,103.64675,1D01
-7.72522,109.01343,I156
-6.94095,107.5639,N007
-6.91787,107.57862,N223
-5.17285,119.421,R003
-6.90407,107.66675,B741
0.48618,101.49507,1A96
-7.54917,111.66376,O489
0.45301,101.39261,1A31
-7.66837,112.90189,Y183
-7.65529,112.9123,Y185
-7.70048,112.83434,Y190
-8.18467,113.87275,Y202
-7.58945,110.74544,O030
-1.63544,103.66937,1D09
-6.17789,106.63361,T885
-8.57149,116.07752,Q171
-6.16586,106.56753,T085
-6.17797,106.61948,T329
-6.98044,110.40294,H374
-7.00347,110.39947,H141
-8.16136,115.02785,Q019
-5.13977,119.42992,R049
-5.17239,119.47996,R053
-7.30706,112.76316,U038
-7.32079,112.78922,U057
-7.32943,110.50069,H583
-4.26888,105.48788,1VC9
-6.98243,109.12361,V426
-6.88624,107.6043,B951
-7.53062,110.82728,O472
-7.50626,112.72672,M697
2.94236,99.05189,W090
-7.98855,112.63216,M388
-7.80056,110.34112,O453
-1.60791,103.60483,1D28
-5.18231,119.48794,R264
-6.96893,110.48177,H145
-6.95182,109.80276,H210
-6.89031,109.70164,H017
-6.90225,109.66116,H067
-8.6274,115.26338,Q022
-7.4751,112.72412,M701
-7.45441,112.71408,M703
-6.62416,105.98685,T701
-7.08776,107.14232,N426
-4.13692,104.62788,P336
-3.79401,119.65164,R287
-7.59586,109.11989,I448
-7.11667,109.24582,H473
-8.59305,116.15456,Q161
-7.39978,112.59218,M711
-6.09472,106.12903,T784
-7.41983,112.66785,M713
-7.60658,110.66444,O476
-7.19089,111.96597,U540
-7.06761,111.84177,U541
-7.2308,111.85864,U539
-7.66342,112.01333,M380
-7.40134,112.21589,M657
-1.59978,103.60676,1D50
-6.39854,106.6882,X528
-6.24334,107.36062,C507
-8.34214,113.60735,Y050
-2.9976,104.79396,P298
-1.61417,103.63051,1D53
-8.01215,111.90199,M660
-7.91344,113.79199,Y137
3.55892,98.6889,W122
-5.16146,119.46125,R024
1.28569,101.19314,1A81
1.30035,101.17903,1A82
-6.97561,107.63528,B942
-4.10516,104.64353,P304
-6.5839,106.16603,T844
-7.32938,110.96181,O450
-7.83089,110.36706,O436
-3.04867,104.78454,P275
-6.18423,106.85238,J174
-6.26245,107.14016,CC24
-6.40082,106.85121,X385
-7.60388,110.81865,O169
-6.93963,107.63073,B937
3.03435,99.08529,W138
-6.29106,107.78659,N464
-6.96429,107.56327,B785
-6.66295,108.39175,V410
-7.48766,108.69943,B833
-6.29898,107.91505,N469
-6.27431,107.65989,N471
-7.75479,109.97367,I415
-6.32808,106.46064,X468
-6.48161,106.46682,X467
-8.06418,112.60242,M007
-6.20926,106.7608,KA03
-6.31685,106.8791,EF59
-6.43693,106.79692,X331
-4.93372,105.2172,L428
-7.17278,111.66058,U536
-7.16385,111.86861,U538
-7.05619,107.56994,B934
-6.32193,107.31369,C354
-6.52739,110.7069,H165
-6.91601,109.74795,H273
-7.32784,110.31888,H283
-7.98337,112.62354,M310
-6.39948,105.96123,T832
-6.16349,106.90378,J637
-7.97431,112.66591,M024
-6.93977,107.74974,B820
-6.41332,106.84923,X354
-6.49374,106.89126,X361
-6.56859,106.86479,X363
-6.92197,107.58719,B874
-6.15626,106.82119,K294
-7.31335,112.71802,U522
3.33148,99.16044,W083
-6.19651,106.95456,J079
-8.33491,113.54987,Y212
-7.24753,109.00649,V393
-7.86471,112.68333,M344
-7.85545,113.36107,Y153
-6.15036,106.8077,K179
2.96659,99.06712,W133
-8.27249,113.36633,Y150
3.5409,98.6201,W053
3.52499,98.6524,W052
-6.92634,107.6339,B773
-8.47532,114.22558,Y001
-6.40587,106.72507,X475
-6.14541,106.69623,K471
-3.78657,103.55344,P308
-6.39207,106.78474,X313
-2.99136,104.7373,P283
-7.0691,107.56583,B925
-6.45086,106.79893,X306
-7.06146,109.24296,V361
-6.34306,106.39802,T757
-6.57407,106.75169,X159
-6.5149,106.79636,X134
-6.57738,106.65621,X208
0.52417,101.44228,1A09
-7.66906,109.65066,I030
-6.20768,106.6098,T328
-8.00153,112.62201,M120
-8.21467,112.64237,M110
-6.88126,107.60389,B884
-6.91746,107.59314,B907
-8.63382,115.25649,Q229
-8.5513,115.21962,Q231
-6.75388,107.81962,N513
-7.28092,110.10465,H284
-6.1615,106.80613,K189
-6.15424,106.81151,K216
-7.6373,111.54814,O432
3.7274,98.61809,W072
-6.27438,106.75503,K708
-7.56774,112.69182,M221
0.49962,101.45908,1A33
-6.91628,107.60824,B892
-6.19582,106.96365,J667
-7.59132,112.26416,M647
-6.38279,106.92421,EB42
-7.19387,113.47337,U481
-7.74864,108.43976,B824
-8.21431,113.67726,Y143
-6.97954,106.30989,T772
-6.18592,106.8479,J187
-7.1553,108.20543,B631
-7.68283,109.89276,I402
-7.72009,109.93159,I403
-4.40532,104.36619,L394
-6.90473,109.12606,V407
-6.31041,106.74722,AB83
-6.35709,106.24966,T645
0.48416,101.50666,1A29
-7.04068,113.69073,U502
-8.12925,113.81253,Y214
-7.67788,109.97914,I407
-6.63841,106.77432,X189
-6.29517,106.73444,A090
-6.3444,106.57433,X462
-7.01099,106.56731,X486
-6.41791,106.8227,X489
-6.32516,106.7428,A098
-6.31669,106.75364,A075
-7.35024,112.66069,M720
3.56485,98.70255,W087
2.96782,99.10656,W089
-6.18925,106.99059,EG22
-6.12494,106.58486,T319
-1.54442,102.72235,1DF6
1.43069,125.11207,1Y56
-3.03143,104.75198,P427
0.96389,102.07613,1AI7
1.59146,101.40106,1AI6
-1.48695,102.44238,1DC9
-6.32675,106.82158,EH49
-2.93934,104.76719,P411
-7.10413,107.98742,BC76
-6.15301,107.30003,1J55
-1.69451,103.5855,1DF7
-8.53344,115.20013,Q371
2.94468,99.06967,W198
-6.53358,108.35297,V297
-7.19972,107.90285,BC59
-7.37202,108.23203,BC58
-0.0153,109.32983,1P71
-6.37864,106.81379,X420
-6.30276,106.81438,KB27
-1.70364,103.26621,1D90
-7.61572,109.25148,I453
-5.18244,119.44578,R339
-6.37262,106.88002,X393
-8.16752,113.64827,Y232
-7.61241,112.68658,M813
-7.68337,111.24476,O552
-8.06176,110.81247,O553
-7.45485,110.77721,O556
-6.26961,107.00241,C030
1.45658,124.80865,1Y14
1.50064,124.91907,1Y15
-2.98711,104.72109,P461
-1.48508,102.10989,1D73
-1.49267,102.11344,1D74
-6.34998,106.84374,X427
-6.3918,106.83849,X378
3.48826,98.59916,W233
0.89012,108.98723,1P35
-6.23236,106.85295,KA33
-6.27209,106.84854,K917
-6.17444,106.71299,KA66
-8.2751,112.59795,M863
-6.20939,106.42199,TA25
-6.8477,108.81453,V283
-6.93003,108.88677,V324
-7.13583,109.14893,V357
-6.86629,108.64363,V457
0.44368,101.43958,1AB4
-0.01657,109.31508,1P37
-3.26915,114.60192,1G92
-8.52576,115.2431,Q333
-6.20795,106.63859,AB50
-8.58786,116.11169,Q175
-8.9169,116.75291,1S37
-7.09931,113.47482,U652
-7.7715,113.25471,Y282
-6.22069,106.72188,KA75
-6.75478,106.78083,X651
-6.34188,107.10852,C577
-6.89724,109.18819,V370
-6.88665,109.15089,V378
-6.7597,108.51581,V406
-6.97143,109.13423,V408
-7.00851,110.3743,H725
-7.42559,110.68896,O547
-7.04228,107.98726,BC39
3.89589,98.42599,W249
-6.26214,107.33319,1J29
-6.1495,106.83506,J871
1.18773,109.08574,1P90
-5.88745,106.04845,T984
-7.64536,112.90138,Y174
-4.63021,105.15792,P362
-7.21148,107.85821,B997
-6.1956,107.29689,1J06
-7.61057,110.81694,O587
3.17069,99.41953,W290
-6.94769,109.1868,V381
-6.32687,107.55821,1J17
-6.16376,106.72234,KB09
-6.16304,106.73898,K204
-6.20562,106.80974,J874
-8.64316,115.17929,Q379
-6.59094,106.86557,X631
-7.23305,106.51822,X602
-1.26904,102.13407,1DE4
-6.25278,107.08606,CD50
-8.65233,116.51918,1S12
-6.17796,106.70226,AD88
-6.57621,105.856,T960
-6.25345,106.84012,KB69
-7.55933,112.31331,M742
3.69354,98.50754,W243
-3.26763,103.83219,P434
-7.04974,107.77574,BC69
-7.01272,108.35712,V475
1.3581,109.29544,1P95
-6.38045,107.51171,1J21
-7.47811,112.48355,M842
-2.96785,104.80293,P424
-7.89316,112.60745,M835
-6.14546,106.8595,J833
0.91251,108.9861,1P41
-6.65147,106.88669,X595
-6.96414,107.58555,N552
-7.54973,111.63941,O577
-6.89898,113.48674,U631
-2.99816,104.77259,P422
-7.22515,109.3364,I120
-6.22653,106.93013,J877
-4.28561,104.44375,P446
-6.09201,106.69407,T988
0.93644,108.98165,1P22
-7.38971,112.65254,U626
-6.71777,107.07257,N573
-7.72509,111.53376,O565
-6.18891,106.80888,J847
-6.24515,106.96659,CD53
-7.54445,110.74461,O127
-4.8301,104.88769,L194
-7.00285,107.55272,N562
-5.34286,104.97481,L477
-7.75994,113.20707,Y254
-7.21327,106.62364,X668
0.47245,101.41809,1AF5
-6.96613,107.55385,N575
-7.31859,108.21887,BC55
-1.88989,102.29997,1DE6
3.12016,99.14407,W264
-6.68562,107.42909,1J24
-6.06395,107.16186,1J20
-6.34601,106.63783,1M55
-6.13058,106.85413,J862
-0.06321,109.2518,1P52
3.55825,98.63498,W276
-2.05797,102.27424,1DD1
-7.16965,107.98304,BC57
-6.99166,107.82403,BC51
-6.32205,107.03771,CD10
-7.554,110.81205,O116
-6.96999,110.43761,H716
-1.86319,102.29238,1DE1
-6.29603,107.32619,1J10
-6.29196,107.36507,1J09
-8.63835,116.09394,1S15
-8.59235,116.42074,1S22
-7.22314,112.75144,U211
-3.75873,114.76772,1G77
-8.62585,116.86505,1S27
-7.56445,110.76568,O612
1.44469,125.17318,1Y51
-6.2572,106.81773,KB81
-7.79211,113.31432,Y283
1.48071,124.85269,1Y63
4.00724,98.26966,W253
-6.42294,106.88852,X614
-6.24703,106.98465,CD15
-2.96202,104.75888,P426
3.32456,99.16859,W283
-6.08098,106.69672,T207
-6.87954,111.99165,U544
-3.43475,114.82185,1G65
-5.26145,105.81657,L251
-6.92843,107.74108,BC05
-7.36671,107.81525,BC06
3.31839,99.1486,W210
-1.29541,102.11414,1DB2
-2.13774,102.81505,1DB1
-3.30895,114.57969,1G23
-7.85986,113.29957,Y092
-4.6846,105.63153,L167
-5.13954,105.37463,L058
-5.08633,105.29934,L289
-6.27237,106.80182,EH11
-6.79908,107.53536,N525
-6.91722,112.55212,U494
-3.00356,104.764,P407
-2.03422,102.96595,1DC3
-4.79445,104.48892,L198
-5.61098,105.58659,L338
-8.11828,112.5539,M774
-6.9235,110.14636,H463
-6.96829,110.07776,H461
-7.29458,112.59469,U239
-3.20824,104.65077,P386
-8.57419,115.25718,Q309
-6.25048,106.794,KB40
-5.10899,119.60514,R314
-3.40321,114.85585,1G18
-8.55572,115.12165,Q277
-3.31854,114.65158,1G53
-6.98625,107.62756,B028
-6.83828,108.23016,V095
-7.33614,112.74375,U021
-7.44105,112.68322,U438
-7.49878,112.42311,M260
-7.97583,112.65724,M286
-8.743,116.24153,Q276
-6.36959,106.73914,X121
-7.58304,112.14165,M821
-8.11896,113.36143,Y065
-7.03343,110.42452,H593
-7.2979,110.40284,H174
-6.9327,106.24873,T423
-6.13819,106.80289,K271
-6.92664,106.95757,X559
-6.94181,106.92497,X556
-6.87474,108.88567,V320
-6.95275,106.9119,X213
-6.47899,106.85518,X374
-1.72128,103.13984,1D92
-6.63444,106.67966,X487
-8.25966,113.44525,Y243
-7.05791,107.76315,BC15
3.57847,98.70352,W185
2.96799,99.07624,W183
-7.24987,112.70891,U262
-6.26661,107.27229,CA16
-5.15797,119.45294,R081
-7.13038,111.77251,U550
-7.42183,106.71054,X571
-1.60055,103.37633,1DA6
-7.26292,106.71953,X572
-6.92254,110.18262,H371
-3.34741,114.62841,1G44
-6.19912,106.80221,KB13
-6.14646,106.7295,KB39
3.67966,98.65616,W190
-2.91348,104.69457,P399
-6.55398,107.76865,N095
-7.24141,112.7184,U487
-6.28658,107.03332,C643
-6.28229,107.02794,C480
-7.33379,111.91341,U548
-7.70754,114.02069,Y106
-8.43738,114.18234,Y021
-8.19783,114.37539,Y008
-8.05091,113.83314,Y141
-6.17565,106.80969,J210
-6.55683,110.65479,H688
-6.36054,106.8335,X585
-6.84315,106.7196,X587
3.09278,98.47405,W227
-6.63256,105.7047,T544
-6.15727,107.30516,CC97
-6.94128,109.2035,V468
-7.30163,108.36732,BC25
-2.93187,104.6806,P414
-2.96671,104.74678,P121
-6.95898,110.4081,H124
0.80109,102.05394,1AB9
-6.19117,106.79555,K186
-3.26742,102.94045,P388
-8.29955,113.67927,Y244
-5.25629,119.42687,R283
-6.67639,106.92916,X215
-6.42134,106.7331,X137
-7.50286,108.78587,I457
-6.99034,107.70602,B747
-6.09845,106.46651,T782
3.59405,98.71173,W181
-6.91666,107.79375,B961
-7.31105,112.68521,U072
-7.29304,111.955,U564
-1.50016,102.11276,1D82
-2.29871,102.72323,1D85
-7.36781,110.56362,H668
-6.94136,112.83378,U545
-6.77186,111.7282,U231
-5.42009,105.24667,L453
-7.27172,112.75622,U134
-6.35234,106.26558,T672
-6.34671,106.23641,T431
-6.89515,111.88556,U559
-1.45772,103.51133,1D94
3.42895,98.90142,W206
-5.22963,105.17299,L471
-3.42008,104.24894,P193
-6.97255,110.29557,H656
-5.49257,104.62536,L432
-7.53868,108.8697,I456
-7.36946,109.46486,I458
-8.58664,115.21178,Q290
-6.60133,106.75629,X162
-7.57337,109.20213,I439
-1.59575,103.60464,1D20
-7.70798,110.64977,O495
-6.6325,106.81247,X205
-6.15454,106.80651,K279
-7.64845,109.34177,I474
-6.22348,106.70543,AC25
-7.5711,110.8021,O526
-6.33228,107.14462,C775
-6.40532,107.48986,C591
-7.3299,106.52059,X003
-6.4419,106.73307,X126
-1.63457,103.54918,1D99
-6.26682,106.97306,C736
-5.28746,104.91747,L162
-6.33437,106.78594,1M93
-7.70374,113.99615,Y194
-6.82758,110.8425,H495
-7.72001,110.66494,O496
-7.26122,112.65489,U279
-1.56265,103.6566,1D60
-6.17541,107.01736,CB76
-1.62321,103.55142,1D61
-6.26263,107.54578,CA15
-6.17672,107.43441,CB29
-6.28311,107.04421,C616
0.49209,101.37318,1AB8
-1.64409,103.6363,1D77
-2.50707,102.71314,1DB3
-6.5109,107.80037,N279
-6.60897,111.0579,H234
-5.0202,104.05398,L175
-3.43197,114.86106,1G08
-5.41677,105.32553,L457
-7.36637,112.69568,U324
-8.79202,115.18769,Q271
-6.06708,106.6469,T845
-5.25602,105.52268,L112
-4.97308,105.49979,L379
-5.29423,105.75653,L036
-6.42347,106.83757,X538
0.90525,123.27286,1YJ6
-0.33348,111.73095,1PH1
-6.26617,106.96139,CE37
-7.46506,110.80562,O046
3.56885,98.96635,W374
-6.83052,107.31318,N658
-6.2819,106.41585,TB50
-5.34964,104.71589,L566
-7.72509,112.70632,M791
-6.16357,106.64398,T235
-0.05977,109.35891,1PE1
-7.26446,112.79587,U691
-6.30621,107.45094,1J30
-6.29689,106.87388,J943
-7.35534,109.54092,I443
-7.32424,112.52132,U521
-7.29666,112.04736,U520
-6.03413,106.03824,TB52
-6.26466,106.46902,T150
-6.14301,106.38779,T618
-7.5016,112.51765,M922
-6.34289,106.71932,1M75
-8.42205,115.4199,Q401
1.0255,104.06563,2DB4
-8.16916,111.80856,M923
-6.11714,106.42928,T026
-5.21856,105.0328,L079
-2.93234,104.79104,P044
-2.11467,102.515,1DD3
-6.71865,107.03131,N654
-6.73749,111.02399,2A84
3.16794,98.51027,W224
1.44149,124.75256,1YF4
1.37157,125.07218,1YF6
-6.8343,111.01368,2A92
3.60448,98.6819,W212
-7.67482,112.8877,Y184
3.16182,99.33125,W201
-7.26732,112.66643,U698
-1.61661,103.5893,1DK8
-6.18169,106.59802,TB78
-6.9622,108.09501,BD45
-6.96685,109.04189,V583
-7.08585,109.08331,I548
3.67961,98.75119,W395
0.57669,123.04761,1YF2
-6.87509,107.53067,N678
-3.31195,114.61674,1G17
0.50111,101.42037,1A60
-6.57841,106.89132,X736
-6.00479,106.28491,2G16
-8.69724,115.17269,Q400
-1.46821,102.12389,1DK2
3.58681,98.73008,W023
-6.82807,107.96205,BD31
-6.25513,106.4239,TB56
-6.24518,106.66995,1MA6
-6.16898,106.85287,J724
-6.28562,106.82923,1M89
-6.27025,106.87754,J836
-2.95605,104.72597,P505
-6.96079,110.5034,H810
-7.53644,110.58979,O217
-7.52608,110.79597,O312
-6.2637,106.2917,2G03
-6.39409,105.87788,2G05
-5.36106,105.2707,L193
-7.02252,107.68401,BD24
-6.08749,107.33731,1JA6
-7.1664,109.0906,I556
-7.14589,110.42179,H798
0.53987,123.04702,1YE9
0.5484,123.05699,1YE8
-6.11067,106.12827,2G07
-6.45395,105.99376,2G10
3.28915,99.367,W291
-3.77215,103.55506,P459
-6.65189,106.90781,X737
-8.16898,113.72581,Y314
-0.03831,109.415,1PG1
-6.05548,105.92024,T882
-3.44314,114.8335,1GJ8
-5.55814,120.19054,R385
-7.72984,108.47364,I528
-3.83848,115.3351,1GG3
-7.35386,110.69981,O666
-7.45782,110.54797,O667
-8.47246,117.39743,1SC8
3.46726,98.68662,W217
0.1284,102.07464,1AR2
-7.95988,112.63239,M899
-7.75488,110.39916,O654
-6.4289,106.78431,1M83
-6.88988,109.37484,H785
-7.26972,112.80574,U684
-6.83342,107.13391,N673
-4.88239,104.98647,1V03
1.18552,124.5603,1YA3
-0.07941,109.38449,1PG2
-6.33534,106.81332,1MB8
-7.73337,110.54556,O410
-6.65582,107.36212,1JB8
-1.61673,103.52936,1DI8
-8.06081,111.90746,M199
-8.2118,112.74942,M006
-7.93865,112.62958,M323
-7.09975,107.43381,N650
-7.00645,107.6135,B926
-7.26669,112.65902,U685
-6.34929,106.67316,1M92
-2.29177,113.91736,1GK5
-6.71726,108.53434,V603
-6.57921,106.66111,X752
-2.04088,102.27645,1DD4
-7.02681,110.92094,2AB7
0.5812,123.04145,1YH7
0.61289,123.02164,1YH8
-8.44614,115.61606,Q435
-7.77565,110.3253,O194
-2.08546,102.2617,1DI5
1.11726,104.0425,2DA9
-6.77815,111.03679,2A78
-6.37164,105.91434,TB46
-5.06602,119.52566,R430
-6.41,107.46361,CB57
-6.89831,108.75082,V340
-8.69516,116.253,Q264
-8.48108,117.47462,1SC3
-5.99161,107.05478,CE48
-7.22333,112.73241,U700
-8.10558,113.22111,Y318
-8.22753,112.8325,M934
-6.17372,106.65936,AD50
-7.56331,110.85145,O651
3.71104,98.66069,W365
-7.81168,110.94706,O594
1.39375,124.67798,1YE1
-7.29886,112.70735,U459
-7.00663,110.45764,H823
-6.56113,111.04097,2AA3
-7.649,111.31548,O678
-8.19153,113.07788,Y319
3.66654,98.67975,W433
-6.18425,106.59219,TB84
-2.93169,115.15396,1GM6
-2.95017,114.30356,1GN1
-6.13517,106.1725,2G14
-6.37583,106.90055,EI09
1.17145,124.4327,1YE3
0.55843,123.04843,1YF1
3.6013,98.86055,W373
-8.2007,113.70023,Y315
0.47759,101.4064,1AR4
-7.13272,110.40647,H795
-3.32457,114.58225,1GJ5
-6.11933,107.15569,CD96
-5.32213,104.7503,L174
0.07285,111.48365,1PD3
-3.0094,120.21059,R415
-1.77693,103.33095,1DI2
3.61515,98.67622,W036
-7.35491,107.78475,BC60
-8.18675,113.7447,Y316
-3.35872,114.63378,1GN2
-2.18267,113.88284,1GL2
-4.6844,105.78328,L240
-7.07012,110.43828,H780
-5.23293,104.96031,L123
-5.37526,105.06761,L459
-5.60572,105.07917,L184
-5.36614,105.14421,L552
3.5948,98.66621,W379
-5.52735,105.23846,L551
-8.63236,115.13519,Q403
-7.08724,109.04655,I549
-8.6246,115.16999,Q409
0.72779,124.30042,1YG1
-7.72171,109.91246,I398
-7.30667,109.52033,I279
-8.52982,117.43396,1S91
-6.99785,109.63465,H846
-3.0013,104.72174,P500
0.43454,101.43041,1AQ1
-7.69696,113.94096,Y108
-5.3902,105.2101,L510
-6.45453,108.35006,V040
-6.71517,108.55489,V225
-6.15528,106.66378,TB59
-4.10627,104.1662,1V64
-6.32559,106.70883,1M98
-3.8014,114.77476,1GM1
0.53508,101.43114,1A24
-2.9226,104.78213,P288
3.59102,98.47847,W422
3.6289,98.49308,W423
-5.48698,105.78968,L575
-6.95384,108.99282,V593
0.78583,124.45399,1YJ5
1.1616,124.83062,1YH9
-7.07682,110.04465,H776
1.44857,124.95856,1YD7
1.209,124.59404,1YD8
-7.53258,110.76577,O609
0.42154,101.45731,1A08
1.89429,100.08385,W387
0.56552,123.07216,1YE5
-6.89115,109.13585,V377
-6.82555,108.61911,V208
-7.33919,108.22701,BC54
-4.49611,105.24139,1V45
1.22914,124.73676,1Y90
-6.03333,106.56911,TA89
0.38563,101.82674,1AO1
-2.38316,102.70507,1DF4
-6.68198,111.60247,2A44
-7.45837,112.51027,Y290
-5.15895,119.41087,R387
-7.71867,113.08213,Y303
-3.03025,114.39714,1GG8
1.2339,124.86528,1YC8
1.17745,108.97438,1P82
-8.72079,115.18574,Q369
-7.28606,107.92027,BC92
-7.18409,107.976,BC93
-6.21196,106.71222,1M59
-5.13508,105.30602,L553
3.50896,98.69825,W348
-6.63941,111.47804,2A48
3.51457,98.66658,W113
-7.82936,113.22645,Y295
-4.34832,105.22592,1V42
-7.21858,109.85726,I516
3.50924,98.78746,W334
-7.27605,112.65303,U285
-6.81696,107.47459,N605
-5.44494,105.24754,L548
-6.83349,107.11922,N637
-7.15521,112.65617,U214
-6.86176,111.60731,2A55
-7.512,112.64041,Y291
-6.16982,107.00032,CC62
-6.1257,106.15835,TA93
-7.81169,108.43979,I520
-6.25597,106.46855,TA13
-6.2452,106.49054,TA11
-8.58795,116.33014,1S25
-6.39487,105.88814,T998
-6.25995,106.74073,1M35
-3.46503,114.81079,1GC1
-7.38798,110.8303,O620
-6.13037,106.49998,TA12
3.49118,99.12661,W184
0.4172,101.84197,1AO5
-7.27562,112.73428,U087
-7.3182,106.58438,X687
-6.22954,106.73761,AC52
-3.34382,104.77251,P296
-2.99088,104.78587,P175
-6.23018,106.58818,TA32
-6.81296,107.22808,N621
-7.79639,111.07918,O588
-7.63839,110.69132,O629
0.06125,109.20679,1PC1
-7.28996,112.72315,U070
-6.3364,106.78188,1M70
-7.43228,112.72792,U404
-7.30664,112.72992,U256
-3.15004,114.50319,1GC6
-7.89623,112.36304,M897
-6.39091,107.50125,1J66
-2.95296,104.79293,P068
-3.41148,114.8515,1GE2
-6.53758,107.23506,1J42
-6.64215,107.52336,1J44
0.12288,110.60491,1P64
-8.4783,117.40697,1S70
-3.19843,114.54536,1GD1
-6.38473,106.82027,X422
-6.49779,106.87478,X366
-7.2895,112.56336,M726
-4.53355,120.30965,R354
-2.76839,114.28314,1GE4
-8.64653,115.17376,Q006
-7.30196,109.03896,I603
-6.85918,107.5329,N612
3.61433,98.71429,W318
1.12623,102.16385,1AL4
1.35245,124.83306,1YA9
1.48512,124.84833,1Y73
-7.4474,112.43114,M890
1.34927,124.83339,1YB7
1.49132,124.85024,1Y99
-6.40828,107.46423,1J40
1.11778,103.97714,2D04
1.31087,124.91859,1Y36
-2.2054,102.37568,1DG7
-6.19767,106.72269,AC63
-6.23794,106.86027,KB97
1.45555,124.84389,1Y84
1.04013,124.48074,1Y83
-7.36639,112.67898,U263
-6.4077,107.58746,N472
-6.73585,106.8201,X592
-7.32349,106.62214,X621
-6.784,110.85091,2A05
-7.00128,110.42742,H347
-7.94447,113.81023,Y211
-8.39891,114.26841,Y005
-6.41578,106.73423,1M58
-6.70367,108.36217,V548
-6.91593,106.91794,X036
-7.73723,110.39364,O150
-7.25535,112.72238,U088
-4.74061,105.40017,1V48
-7.17188,112.65486,U128
-6.88887,113.65202,U653
-6.73425,107.65213,N197
-6.2164,106.59667,1M37
-6.86563,107.54959,N597
-2.00437,103.40887,1DG1
-6.20625,106.77917,K409
-6.93281,110.12308,H755
-6.72619,111.65702,2A53
1.52681,124.87433,1Y85
-6.90974,107.44974,N642
2.94625,98.5224,W363
-6.29217,107.42232,1J92
-8.12684,115.06632,Q389
1.1814,124.56803,1Y81
-6.40982,106.98663,EH62
1.65679,101.46269,1AK2
1.06152,108.973,1P83
1.42739,124.83853,1Y38
-6.82348,110.86827,H135
3.63051,98.66158,W316
-6.58179,106.79436,X661
-3.868,104.38065,1V16
-6.76359,107.3589,N613
1.4498,125.19957,1Y19
1.11265,104.13375,2D59
-6.30552,105.84175,TA94
-7.11393,113.72455,U643
-6.70726,106.796,X653
-6.57763,106.73175,X654
-8.06703,111.84983,M880
-6.29502,106.52957,TA35
0.91154,108.99559,1P45
-4.90187,105.21142,1V02
-5.14673,119.44914,R364
1.10042,104.05802,2D76
-7.62726,109.2495,I051
-8.67398,115.17284,Q386
1.12463,104.09789,2D51
-2.20329,113.91428,1GF4
-2.22968,113.90699,1GF5
1.48074,124.90464,1Y05
-3.45775,114.84773,1GA3
0.6986,101.44075,1AJ2
1.66636,101.43421,1AJ4
-6.79685,110.80156,2A56
-0.01565,109.35943,1PB1
3.53365,98.68463,W340
3.60119,98.69135,W339
-7.15812,113.5371,U658
-6.60453,107.7341,1JA9
-6.81601,106.40945,TA08
-8.77816,116.04947,1S38
-8.74222,116.85176,1S40
-4.20753,104.52695,P444
3.52278,98.71812,W297
1.03983,103.98657,2D07
-8.17141,111.77492,M889
-6.6779,107.68474,N263
1.67787,101.44222,1AM9
1.6235,101.58493,1AN1
-7.15425,107.95055,BC34
-6.16329,106.66041,TA75
1.48863,124.86139,1Y95
0.40092,101.85777,1AN4
-1.6238,103.62137,1D40
3.55209,98.71529,W367
2.09697,99.83706,W371
-6.16608,106.76291,KB94
-6.28311,106.92949,ED40
-8.63699,115.17717,Q377
-3.00056,114.39231,1GB7
-6.60066,106.77963,X665
-7.44293,109.54447,I512
-6.29926,107.28047,C985
-4.02316,105.24801,1V30
-7.18461,109.0238,V392
-7.01956,110.42483,H772
-3.46681,102.53018,P483
-6.26793,106.94115,EH85
-8.20501,113.6104,Y075
-8.19148,113.70854,Y051
-8.22137,113.53027,Y215
-7.16925,108.34928,BD07
-7.0857,111.0028,2A13
1.50716,124.90646,1Y08
-0.05265,102.11086,1AL9
-6.22615,106.12963,TA38
-5.07762,119.52282,R366
3.60993,98.64385,W344
0.99958,124.49944,1YO5
-6.40317,106.8126,X283
-5.42315,105.41947,L057
4.48829,97.95543,W488
-8.79713,117.7791,1SH6
-7.22584,107.92801,BD99
-0.30268,102.30203,1A1E
0.36245,109.16489,1PL8
-6.24184,106.34027,2G57
-6.21678,106.99151,CF38
-0.02543,109.36863,1PI8
-3.80276,102.28618,P593
-6.90634,107.80712,BE18
-6.23445,106.74451,TD58
-6.79986,107.99761,BD92
-6.01615,106.05999,2G66
-6.90035,108.72161,V290
-7.31602,112.76449,U042
-6.94044,106.90699,2J72
-7.75509,110.37001,O781
0.92542,123.04181,1YW6
-6.17073,106.87151,J688
-6.28626,106.86372,X824
-6.99185,106.54327,2J36
-7.76478,110.4487,O728
-6.51359,106.82326,X811
-3.40366,114.84628,1GS7
-1.84822,109.9757,1PK7
0.84813,109.4983,1PK8
-7.15309,110.28347,H982
-8.5919,116.1293,1SM8
0.41418,101.4254,1A1Q
-7.02369,109.96051,H508
-6.85381,108.59331,V661
-6.80828,107.16996,N478
-6.16586,107.27792,CF65
-6.92224,109.53366,H941
-6.58674,107.46812,1JO9
-0.05657,109.32539,1PM6
-8.19877,111.09368,O767
-7.13235,110.4201,H794
-6.95252,110.23886,H843
-7.48089,110.21421,O731
-7.78337,110.44178,O755
3.77516,98.43544,W502
3.51803,98.89573,W441
1.24955,109.17121,1PH7
0.62118,122.6048,1YU6
-6.94466,107.77151,BE35
-5.42311,105.0349,L257
-5.43622,105.26474,L488
-5.40928,105.29399,L595
-7.80755,110.00959,I641
-6.36071,106.78046,1MK5
-5.40591,119.44758,R474
-6.99097,110.10862,H960
-7.04546,110.58077,H962
-7.71421,109.01606,I543
-7.48807,109.47979,I621
-6.58953,106.82757,X278
-6.43534,106.8214,X712
-8.44733,115.35643,Q514
-6.54806,106.80603,X833
-0.04025,109.36145,1PK5
-7.07734,107.8888,BE33
-6.88657,109.10346,V710
-5.27679,104.98328,L609
-6.97366,107.53407,N648
-7.33871,112.77539,U790
-7.26907,107.81482,BE20
-6.73426,111.04574,2AK3
-6.38411,106.63111,TD60
-6.51789,110.77907,2AI4
-6.28161,106.94191,JA71
-2.06642,102.29938,1DO3
-6.76535,107.44454,N788
-2.52542,110.21155,1PM9
-7.36456,108.86075,I113
-7.42123,109.22636,I238
-6.34392,106.68744,1MM6
-6.81751,107.59479,N766
-7.9281,112.64924,M386
-5.3869,105.26375,L603
0.70135,122.55658,1YT1
-7.25813,112.76373,U763
-6.84888,107.57565,N767
-6.20874,106.82443,KD10
-1.52724,110.56627,1PI7
-8.13067,112.17293,M981
-8.56296,116.62818,1S21
-8.49721,117.42126,1S55
3.52418,98.62913,W505
-6.98069,107.01692,2J70
-3.48744,114.96956,1GU2
-7.14164,112.16414,2AH9
-6.31302,106.73099,1ML9
0.6028,124.28709,1YV8
0.34471,101.0208,1A0B
-8.52713,118.84448,1SO7
-8.15563,112.14265,M984
-8.02159,112.71009,M983
-7.73556,113.67657,Y367
-6.77129,107.19123,N480
-6.26419,106.67314,1ML5
-7.99265,113.25184,Y063
-3.36278,114.92057,1GP8
-5.37626,105.27234,L403
-0.52053,101.96925,1AT9
-0.45556,102.67385,1A1F
2.71966,99.6111,W510
-6.78739,108.08711,BE11
-7.23816,112.60852,U756
0.57715,123.0308,1YS1
-5.34252,119.37155,R470
2.97957,99.64473,W512
2.97295,98.85875,W508
-3.8808,102.35279,P647
-6.55014,106.8219,X830
-8.8217,115.14453,Q441
-6.87405,109.54713,H972
-0.65605,102.28135,1AY5
-7.45623,112.45434,M996
-5.37804,119.3833,R472
-6.96901,110.15061,H983
-7.22398,112.7288,U804
-7.02748,109.58812,H986
-6.53626,106.77154,X837
-4.02298,103.24925,P631
-6.19282,106.69613,AA88
-6.3394,107.34215,1JR4
-6.4607,107.03444,J955
1.20682,124.78804,1YI7
-6.75791,108.45624,V684
-6.87422,109.02867,V685
-8.79252,115.19489,Q491
-8.04072,112.04863,M997
-7.53954,112.68283,Y372
-6.92857,107.33162,N782
-6.88653,107.00429,2J66
-7.0939,110.08219,H604
0.83696,100.6556,1A1N
1.71121,100.39566,1A1Y
0.52614,122.3457,1YT8
0.53898,124.00529,1YK1
1.14021,104.02738,2D92
-6.89624,109.12179,V723
-6.98495,109.65996,H944
-7.7026,113.92309,Y360
-6.93773,110.21093,H971
-7.73495,110.34398,O778
0.16084,109.20132,1PM1
-2.274315430233223,112.97571058466987,1GV5
-6.07361,107.39314,1JR8
-7.45598,112.72127,U796
-7.65751,110.04469,I642
-6.98658,108.49126,V724
-7.64302,112.05597,2AL5
-1.42823,110.08656,1PN6
-5.09193,105.34478,1V99
-7.51009,112.54176,M1B8
-6.97775,110.24972,H945
-7.952,112.58135,M1A1
-6.13726,106.30291,2G71
-7.03755,110.33997,H946
-6.03598,106.38484,TD62
-1.71374,114.84503,1GV2
-7.47065,112.64936,U794
-7.79608,110.32336,O274
-3.32348,114.99664,1GU1
-3.03297,104.79873,P623
-6.73116,107.99353,BD81
-6.94538,110.22422,HA09
-6.97928,107.43059,N784
-6.83589,107.99607,BE12
3.60672,98.52658,W490
-7.77805,109.91042,I606
1.14154,104.00542,2DG3
1.54202,109.36603,1PN2
-7.28216,109.9355,I566
-7.41305,108.89915,I259
-7.70924,109.37162,I584
0.62247,100.71856,1A1U
-7.09726,112.26872,U490
-7.11679,112.43948,U457
-6.1555,106.92906,JA21
-6.18304,106.83815,KD31
-0.52914,101.55605,1AY3
-6.06521,106.06437,2GA4
1.47098,109.21637,1PN4
-6.72734,108.56887,V693
-6.22786,106.86703,JA91
-6.62826,106.82346,X778
-7.50936,108.63327,I591
0.52922,123.06273,1YM6
1.30999,124.91441,1YM3
-3.83708,102.31075,P549
-0.37055,102.54276,1AW1
-8.22285,112.89395,M947
-6.80377,108.61473,V664
-6.40779,106.90454,JA41
-3.80894,102.27665,P578
-8.40935,117.14535,1SA6
-7.42028,108.69556,I586
-6.91962,110.59693,H877
-6.79588,110.72573,H878
-7.03387,110.6884,H879
-7.41566,112.5028,U726
-7.36548,112.6164,U742
-7.67555,108.60597,I595
0.75954,124.31771,1YN7
0.91965,124.09512,1YN6
0.73377,124.28959,1YN5
-6.86122,106.80254,2J24
-6.32799,106.0857,2G23
-8.21849,113.11553,Y344
-8.19513,111.1196,O689
-7.61446,112.02094,2AD8
-7.59987,111.91341,2AE1
0.58309,101.39749,1AW7
-7.03178,110.50353,H817
3.61045,98.60178,W428
-5.17765,119.46053,R434
-7.8729,112.51328,M937
-6.64542,108.37439,V612
-8.49632,117.40976,1SB3
-6.09636,106.6386,TC11
-7.05001,110.60589,2AC3
5.52587,95.2894,W447
-7.0291,113.78312,U789
-7.13154,106.69292,2J42
-7.11282,111.56864,2AF7
-6.98827,106.55416,2J02
-7.49587,110.20463,O681
-6.2398,106.52378,TC01
-7.26304,112.76561,U693
-6.83253,107.35773,N698
-6.99244,107.40611,N696
0.51253,101.41446,1AV2
-3.18601,102.94886,P541
-7.74423,113.21378,Y342
-6.81038,108.56142,V650
-7.31736,112.68709,U716
-7.56202,111.8242,2AG7
-5.11428,105.29965,1V93
0.56206,108.92932,1PJ9
-7.39639,112.67315,U772
-6.96229,106.49998,2J49
-6.31098,107.18433,CF22
0.82834,123.83684,1YP2
-6.9704,111.41997,2AG2
-6.11257,106.69372,TC46
-2.68775,118.86284,R446
-6.76453,107.89796,BD82
0.56984,123.03716,1YL4
0.767,124.30156,1YO1
-6.86406,109.12593,V627
-7.68594,113.84538,Y358
-6.39222,106.79496,1MJ9
-8.09183,115.12022,Q461
2.95691,99.79744,W465
-0.0582,109.30914,1PH9
1.74417,109.32082,1PI1
-8.49036,115.18464,Q451
-7.30998,108.26817,BD57
-7.3688,108.2039,BD58
-7.93281,112.59827,M957
-6.66258,106.8451,X772
-6.15753,106.75955,KC90
-8.74217,117.99647,1SE7
-8.41879,117.23472,1SE8
-7.01433,109.14175,I574
-6.97955,106.842,2J45
-6.94538,107.8274,BD93
-7.61619,111.88714,2AG6
-6.70177,108.49403,V628
-7.4047,112.77407,U719
-6.87135,112.28315,2AF2
-6.96911,109.65517,H870
-4.91417,119.85167,R453
-3.10196,114.4609,1GR1
-6.9499,107.77206,BD73
-6.37029,106.91874,J988
3.57897,98.62947,W476
-6.17216,106.89862,JA04
-0.72138,102.5083,1A1D
-6.32699,106.57356,TD34
-6.87703,106.77652,2J32
-2.98423,104.86246,P599
-6.26326,106.26961,2G77
-6.8569,110.60209,H929
-6.88917,106.89968,2J53
-6.34557,106.81041,1MD3
0.9076,123.30472,1YP9
-8.61006,116.11903,1SB7
-6.29091,106.63466,TC42
-8.76721,118.00328,1SE9
-7.42963,112.65684,U729
-8.63498,116.35661,1SF6
-7.01921,107.30645,N717
-6.87001,107.59073,N721
-6.70953,111.21081,2AD1
0.64955,122.85747,1YR1
-3.75829,102.29531,P603
-3.8001,102.26504,P605
-6.87237,106.91014,2J19
2.88345,99.18594,W486
-8.704,116.27407,1SD3
-6.54394,108.43145,V625
0.53993,123.10843,1YQ7
-6.92231,107.59057,N746
-6.85562,109.42033,H881
-6.29612,106.70692,1MF5
-6.88869,106.96338,2J39
-8.13306,112.72326,M980
-6.96702,109.60649,H924
-8.57006,115.36686,Q489
-8.60774,115.1693,Q488
-6.36709,106.02426,2G83
-6.52327,105.75737,2G84
2.97379,99.79856,W497
0.68104,124.56446,1YK2
0.71128,100.53281,1AT4
-5.41274,105.26126,L577
-6.5898,108.51102,V614
-8.56289,116.11326,1SF2
-6.2585,106.96873,CF36
-6.19736,106.61465,TD01
1.22897,124.91931,1YI8
-6.75859,108.47428,V600
-7.36574,110.63858,O662
-8.23323,113.30279,Y341
-6.37959,106.68062,1ME5
-6.8245,106.79425,2J07
-6.89044,109.63091,H894
-8.13492,113.22262,Y337
5.52178,95.32993,W456
-8.67491,116.16279,1SJ8
-7.59981,110.96139,O729
-6.43793,106.74829,1MG6
4.30159,98.04688,W431
-2.94988,104.78535,P502
-6.71014,108.53612,V596
-6.12663,106.70528,TB75
-4.63141,105.08607,1V67
-8.7293,116.31128,1SG3
-7.10958,106.8779,2J20
-5.00476,119.566,R444
-0.13226,109.41041,1PI4
-7.41126,109.64225,I578
-8.16926,112.21045,M962
-8.14625,112.36352,M964
0.88069,100.29529,1AX9
-6.18098,106.4966,TD40
-0.01078,109.33525,1PJ1
-6.82476,106.76011,2J52
-2.99919,120.19985,R488
-8.50539,118.61558,1SK2
-6.01212,106.01268,T582
-4.55297,105.09822,1V73
0.90345,124.47224,1YJ9
-8.15227,113.24683,Y338
0.62566,123.00241,1YN2
-7.53773,110.59514,O713
-7.33625,108.21104,BD60
1.25352,101.22255,1AV1
-8.62715,116.12588,1SC9
-6.84899,108.80813,V675
-7.6526,110.37324,O732
-2.92216,104.52171,P581
1.39581,125.02006,1YF5
-7.74931,110.47135,O672
-6.82082,107.62431,N708
-8.13073,113.19991,Y326
-8.07009,113.30139,Y328
-5.42088,105.26672,L580
0.73453,124.3228,1YO2
-6.81778,107.63028,N724
-5.15152,119.54072,R454
-7.51001,110.5135,O717
-7.54713,112.60488,M992
-6.94327,107.45837,N707
-7.00659,107.3593,N706
-6.86247,107.56797,N692
5.11644,97.20609,W437
-7.32067,110.65443,O693
-6.92634,109.65664,H886
-0.38979,102.44595,1AU8
-3.79029,102.26365,P552
-3.82442,102.30484,P553
-6.58001,106.76269,X789
-2.54707,112.96028,1GQ3
0.54139,123.0706,1YM9
-8.11622,115.09192,Q460
-3.81943,102.30477,P562
-6.1366,106.7296,TD28
-6.6435,106.76865,X735
1.35657,102.15651,1AS2
3.63239,98.51071,W417
-7.66002,110.395,O677
0.52136,123.95943,1YL2
-7.22151,112.50225,U714
3.56013,98.4949,W460
-7.20366,106.83332,2J10
-7.21935,106.88009,2J11
-0.36461,102.2939,1AW8
-7.33849,112.71781,U739
-5.92791,106.10351,2G54
0.8374,122.91581,1YQ1
-8.63442,116.15767,1SI2
-4.19244,105.17016,1V90
-6.14823,106.58429,TB93
-6.72024,111.14519,2A96
-6.7612,111.15727,2A97
-7.43657,112.6106,U722
-0.53674,102.41738,1AU6
-6.27541,107.26038,CF05
-6.4133,108.04042,V816
-10.15287,123.60089,U871
-6.16058,106.9901,CB61
-6.47793,108.25664,V805
0.72046,124.36305,1YG4
-7.30586,112.65991,U880
1.05723,103.9457,2D15
-2.96969,104.7406,P734
-6.34491,106.55958,TE50
-6.57218,106.07412,2GD7
-0.23935,110.10387,1PR4
-7.07607,107.73982,B902
-6.90553,107.70399,B723
-6.24772,106.86669,X898
-6.9649,108.24285,V782
-2.9256,104.76997,P188
-3.85522,102.31997,P634
-2.99475,104.77062,P243
5.56156,95.323,W536
-6.01689,106.01839,2G46
-6.76739,110.77376,H479
1.16447,104.03602,2D58
-7.09314,110.23552,HA57
-8.11328,115.08534,Q567
-7.70682,110.50566,O827
-6.50328,106.19521,2GD2
-6.6913,108.55093,V829
-8.0506296,111.712655,M1J2
3.52197,98.58985,W547
-7.41516,109.88413,I678
-6.31306,106.8004,1MT8
-6.01545,106.28415,2G78
-6.39525,108.06235,V806
-5.13777,105.30238,1VD7
-7.67324,110.5524,O832
-2.9501,104.70762,P757
-7.4084,112.47354,M1F8
-0.5254,110.35904,1PQ9
-0.03927,109.32819,1PQ8
-6.35903,107.1877,C696
-6.99977,111.50786,2AS9
-6.94172,111.29029,2AT1
-3.76728,115.41544,1G5A
1.62686,101.00808,1A0R
-8.082,112.3152,M1G5
-6.36623,107.4423,1JB3
-6.29667,106.84427,EH18
0.71082,110.39235,1PR5
1.09199,124.34134,1YL3
-8.05908,112.052,M1J8
-6.18943,107.00734,CD95
-6.70397,106.05484,2GD3
-8.13919,112.53224,M1I1
-3.97223,105.3492,1VE7
0.10844,111.0702,1PS6
-6.38443,108.10313,V792
-6.10976,106.31,2GC2
-7.03596,109.37656,H377
-6.47701,107.9493,V807
0.38308,101.85743,1AM8
0.45006,101.38559,1AA6
-7.78363,110.65479,O845
-2.22828,113.9349,1G5D
-6.81142,110.83799,H079
-7.46048,107.6633,BC73
-7.30866,110.348,H762
-8.15988,112.45749,M1H4
-6.98974,110.45073,H880
-7.42698,112.72254,U884
-2.91828,104.80931,P743
-7.8872,113.04866,Y415
-0.02584,111.44916,1PR9
-6.83675,105.88533,2GE6
-2.95793,104.74736,P754
-6.04221,107.12211,1J6B
-6.55507,107.43899,CA26
0.2065,110.43499,1PS1
-7.36489,112.73386,U904
-6.2115,106.86965,J151
-6.86783,106.68873,2JB5
0.13696,110.09299,1P59
-6.55483,106.69826,X901
-6.10369,106.93183,CG13
-6.31566,106.73501,AD86
-6.70372,108.56197,V281
-7.08797,108.29667,BE14
-6.6036,106.70185,X498
3.34128,99.14324,W154
-7.34927,110.50867,O810
-8.52047,116.99469,1ST5
-7.34793,108.1986,BG07
-6.75248,108.56024,V085
-6.08387,106.54397,T237
-7.82418,110.47943,O202
-7.26812,109.02358,I666
-6.22073,106.33168,2GB9
-6.41512,106.81553,X893
-6.5744,108.30929,V811
-7.0196,107.5413,B805
-8.61586,116.09864,1SR6
-6.33799,106.67273,1M73
-6.57158,106.76837,X180
-6.33709,106.72756,1MN2
-7.50171,112.70593,Y406
-6.12612,106.12395,2GG4
-6.67954,107.65089,1JY6
5.53217,95.3339,W550
-1.82952,110.61341,1PQ6
-7.98116,112.13611,M978
-5.98594,106.01798,T577
-7.12097,110.91046,2A52
-8.51137,119.88755,U863
0.735,101.8181,1AS5
-7.58137,108.71264,I699
-7.00765,107.14393,2JF7
-6.79662,106.77746,2JF1
-7.65,110.62861,O400
-7.52677,110.90349,O047
-7.59979,110.95001,O674
-3.00757,120.18896,R405
-6.58889,106.78529,X825
-6.41249,107.01163,JB37
-3.42434,104.24406,P126
-6.23509,106.75131,K685
-7.8102,112.04735,M1E2
-6.22997,106.67616,1M09
1.16548,124.84829,1Y1Z
-1.46268,102.12299,1DK1
-6.66497,107.62885,1J3A
-6.92308,110.04981,HA66
-5.44585,105.26992,L015
-6.34439,106.86464,X844
-6.84971,107.83234,BD88
-6.87058,107.05867,N620
-8.09428,112.32569,M294
-7.20318,111.38528,2AQ4
-7.13436,113.52677,U659
-7.77827,110.33732,O213
-2.26181,102.57552,1DP7
-7.00824,112.36358,2AR8
-3.44296,114.85137,1GC3
-6.25537,106.68591,AD30
-2.99643,104.74465,P654
-7.0544,108.75025,V831
-5.12454,105.32155,L335
-7.2655,112.72747,U414
-6.83534,107.27591,2JE4
-2.45571,111.93297,1G8B
-2.47115,111.77628,1G9B
-7.02269,107.66867,BC94
-8.48897,119.89673,U861
-7.64008,107.73322,BE94
-2.98056,115.13915,1GM2
-3.8786,114.65907,1GP1
-8.46348,117.03705,1SS3
3.49507,98.68199,W069
-6.39677,108.30239,V042
-6.96879,111.39507,2AR7
3.59718,98.6176,W539
-6.28475,107.87491,1JX5
-7.45939,110.95388,O821
-7.00992,110.79995,2AQ5
-2.94385,104.80105,P667
-6.33423,107.30512,1JE4
-7.25184,111.53126,U547
0.45942,101.35953,1AAL
-8.65197,116.19944,Q258
-6.57294,107.14282,JB62
-7.6515,111.90458,2AE3
-6.28343,106.59088,TE76
-7.11395,112.15555,2AI2
-7.55903,112.37024,M1H6
-1.24263,110.5271,1PQ7
-7.32743,110.86859,O820
-7.43418,109.67641,I688
-6.98167,110.42483,HA18
3.59735,98.6536,W076
-3.02449,104.75438,P677
0.40304,110.53955,1PP3
-6.896,110.64504,HA35
-7.72019,109.84185,I676
-2.98317,104.77004,P039
-4.91809,105.36336,L061
-5.00584,105.20825,1V15
-6.28967,107.17955,CC66
-5.18372,119.41947,R512
0.71317,124.30496,1YT4
-7.61258,110.94782,O351
-7.95741,111.43369,O252
-7.61354,110.92071,O801
-6.19596,107.11922,C645
-5.0738,119.49272,R418
-6.18455,106.92374,J375
-7.50848,112.56028,M1E3
-6.98676,110.4745,HA22
-4.68605,105.03539,L202
-7.99199,112.60158,M875
-7.95461,110.93136,O613
-6.30541,106.77113,1MQ9
-3.29312,102.86891,P701
-6.95022,110.70311,HA36
-4.30196,104.34565,1VC2
-7.05548,107.55286,N803
-6.25688,106.92501,JB06
-4.12228,104.16507,P083
-7.76702,110.40249,O166
-6.57246,106.8174,X872
-4.10445,105.1318,1VB2
0.42985,109.26975,1PO9
-5.38814,105.24071,L233
-6.8934,106.86609,2JB7
-6.97296,108.58552,V746
-6.03177,106.06625,2GB6
-8.06054,112.63319,M1D8
-7.16061,113.20428,U638
-7.99654,110.64924,O636
-0.13919,110.87453,1PF7
-6.1331,106.6269,TC71
-6.8983,109.53707,H760
-6.83928,106.68064,2JA4
-10.14772,123.63231,U836
-7.10325,107.46842,N799
-5.39956,105.28649,L522
-6.34695,106.74518,1MO5
-5.13871,119.47833,R047
-7.81969,110.40131,O777
-0.11383,110.28615,1PN9
-6.98098,110.44895,HA15
-5.07017,119.57049,R323
-6.87393,112.30599,2AN9
-7.47612,112.44701,M265
-1.53666,102.67773,1DP3
-1.62917,115.14545,1GY1
-6.32633,106.67113,TE28
-8.02006,112.61917,M022
-8.62267,115.29849,Q553
-6.13252,106.84446,J768
-6.17664,105.84601,2G43
-6.15235,106.82921,KD56
-6.24147,106.76296,1ME6
-6.24569,106.91408,J132
-7.89507,112.59344,M390
5.57913,95.35208,W517
-8.59331,116.08493,Q125
-6.97547,111.4864,2AO8
-7.11413,110.39971,H301
-6.89444,106.79189,2J98
-6.09512,105.99212,T496
-5.76543,105.70123,L164
-6.23978,106.86906,J157
-5.60163,105.6351,L345
-6.28741,106.95275,ED87
-3.92563,119.80434,R233
-5.11867,119.43586,R089
-7.58491,111.8805,M384
-7.46889,112.70806,M705
-6.17389,106.81231,J590
-7.45189,107.13631,N325
-2.40003,112.45697,1GW9
-7.21442,109.63365,I649
1.6958,101.4011,1AJ9
-7.09766,109.9733,HA25
5.51742,95.30368,W453
5.11661,97.45636,W493
-3.44359,114.71378,1GZ3
-6.11092,107.03896,CG11
-7.10032,109.34218,HA49
-6.3376,106.85694,J088
-6.37579,107.08406,CG12
-5.14227,119.41959,R431
-2.8431,112.96488,1GW8
-6.97557,110.19049,H602
-6.4607,106.83736,X791
-6.56286,106.71798,X860
-6.94178,111.18867,2AN5
-6.21477,106.61247,T975
-6.73605,108.54517,V195
3.61029,98.51805,W390
-6.24265,106.7878,1MQ8
-7.05719,110.43547,HA44
-2.98752,104.74999,P610
-6.92314,106.95861,2J91
-6.27906,106.74681,1M26
-6.35802,106.81163,EG43
-6.34554,107.30373,1JS5
0.75587,108.88539,1PO1
0.52499,101.47933,1AA3
-7.25621,112.75104,U737
-6.30508,106.79415,1MN9
-6.26295,106.74482,1M51
-7.47381,112.56035,M252
-6.52244,106.77738,X889
-6.97728,107.65042,BE77
-6.26294,107.11556,C489
-0.0682,110.13681,1PO7
0.66587,124.13714,1YM2
-1.86472,109.97084,1PK9
0.9157,108.99125,1P18
-0.04065,109.34895,1P38
-6.17406,106.95665,CF85
-4.29053,105.45514,1VB1
-6.59195,106.81406,X781
-6.88754,112.45391,U505
-6.1671,107.39396,1JV6
-6.5435,107.69312,1JW1
-6.92673,109.56653,H859
-6.40216,108.02299,V775
-7.05135,110.39519,H122
-1.83252,109.96611,1PL2
-8.18098,113.18146,Y353
-6.96298,107.5706,N802
-6.32146,107.09044,CF98
-6.52543,106.69579,X900
-6.27246,106.86634,X859
-7.03176,109.7986,H215
-8.68851,116.11606,1SE4
-8.15618,113.43846,Y033
-6.73542,108.25768,V071
-7.1142,110.78018,H321
-6.36351,107.36082,1J13
-6.10935,107.26778,1J94
0.48979,101.35439,1A0E
-8.24397,113.31776,Y251
-7.73822,113.68921,Y233
-2.89895,104.7252,P397
-6.99699,111.31882,2AP4
5.23714,97.02213,W533
-2.95125,104.84165,P712
1.46318,124.83488,1Y52
-7.56709,112.50947,M1L5
-8.06443,111.96085,M1S5
-4.46478,102.9123,P649
-2.06237,103.68055,P670
-7.74976,114.2236,Y105
-8.7931,115.22506,Q375
-6.80509,110.90727,2AC9
-7.52754,111.95505,M497
-7.82678,112.08291,M1D4
3.58769,98.6949,W134
1.1062,102.1051,1A1C
-5.09379,119.4705,R526
3.5545,98.66106,W527
-6.54275,107.45238,1JW7
-5.42577,105.75985,L143
-4.21267,105.74287,1V17
-6.29293,106.71551,TE01
-6.86539,107.62602,B719
-8.53476,115.30658,Q020
-2.92908,104.77974,P201
-6.93621,107.58418,N330
-2.95366,104.73423,P099
-6.86349,107.90559,BE80
-2.40116,112.9814,1GY2
-7.04619,107.60425,BE71
-8.6222,116.46773,1SN7
-2.97575,104.75972,P669
-4.47502,104.68896,L287
-4.91779,105.5304,1V86
-5.41191,105.27906,L528
-6.27611,106.86073,X868
-2.96501,104.79085,P073
-2.94114,104.74365,P062
-6.01761,105.97165,2GB7
-2.99447,104.73332,P285
-2.97676,104.78838,P087
-2.9183,104.71679,P139
-8.13299,112.58134,M1D3
-6.81713,107.55537,N486
1.31819,124.84195,1Y2E
-8.38389,116.69317,1SY5
-3.28948,114.59153,1G4H
-6.2302,107.06631,C097
-6.42611,107.06769,JB84
-7.25056,110.41618,HB12
-6.35219,106.90337,JC11
-6.4042,108.08708,V901
-3.9246,119.79369,R592
-7.97358,111.57155,2A1Q
-8.00065,111.42317,2A1R
-7.80743,110.34684,O920
-6.26705,106.79299,EH14
-7.69551,110.61922,O879
-7.33711,110.51759,O872
-6.75579,108.50974,V181
-6.31392,107.30216,C468
-6.27116,106.71801,TF68
-8.1356,112.29693,M975
-7.6489514,111.5300051,2AY4
-6.89741,112.96355,U196
-8.05046,112.20994,M789
-7.02156,110.03251,HB03
-7.3154,110.49346,O884
-7.15716,112.85616,U952
-7.60653,110.70644,O888
-7.2835,110.46141,HB28
-5.15012,119.41011,R600
-6.28597,106.12188,2G13
-6.36971,107.41296,1J1F
-8.72042,116.91539,1SX5
-6.63009,106.15557,2GJ8
-7.79066,110.38639,O895
-6.34784,106.16926,2GJ1
-2.96043,104.80723,P713
0.8728,108.94453,1P31
-7.37482,108.03192,B650
-6.90841,106.17641,2GJ4
-7.65598,109.06182,I712
0.00109,111.18474,1PV5
-0.08083,109.40268,1PV6
-6.41221,107.19235,CG74
-7.39133,108.54054,I740
-7.27527,112.71023,U482
-8.61756,116.12727,1SAC
1.04709,103.93622,2DL9
-3.33864,114.61489,1G15
-7.40664,109.68306,I441
-6.80636,108.46024,V873
-6.34964,107.1073,CG58
-7.4718,109.42922,I054
-7.05104,111.23774,H337
-7.05483,113.93982,U405
-6.89158,113.08405,U137
-6.70106,108.47313,V171
1.74117,98.78183,W603
-6.20909,105.97757,2GK2
-6.17994,106.14867,2GK9
-8.02593,111.93782,M1P8
-6.34433,108.23866,V897
-6.6939,108.42978,V535
-6.39849,106.90736,JB75
-5.6231,105.78807,L668
-7.019,107.80433,B904
-7.83238,112.04554,M616
-8.09527,112.70701,M1P7
-8.51758,116.5658,1SY4
-6.71167,108.52769,V544
-7.33079,112.40584,U948
-0.95666,110.48584,1PV7
-6.17128,107.30511,1J4G
-7.69155,109.2929,I733
-6.6692033,111.0732997,2AY9
-7.49282,112.66817,Y426
-3.66169,103.77873,P280
1.11277,103.96114,2D50
-8.62458,116.47938,1SW9
1.04276,124.79841,1Y3A
3.62042,98.74606,W562
0.46418,101.45562,1ABF
-5.12572,119.41032,R608
-6.34596,108.34775,V896
-6.22684,106.87223,JC21
-6.30245,106.49766,TF55
-6.24962,106.79924,1MY8
-6.25345,106.7756,1MX8
-5.04363,104.407,L171
-7.36483,109.68221,I717
-6.84395,108.11378,B582
-6.44317,106.94645,E313
-0.25896,111.57193,1PU1
-7.10991,113.66971,U960
-6.51372,107.74134,1J5G
-7.69269,109.64013,I736
-2.92843,104.70312,P821
1.36352,109.06783,1PW6
-6.38094,106.81808,X983
-6.52915,108.0267,1J1E
-8.05719,112.04552,M1O3
-6.22722,106.34903,2GI8
-6.54513,106.29183,2GJ2
-6.28615,106.7027,AA08
-7.92175,113.83128,Y424
-6.95965,107.69879,BG44
-2.74198,111.63131,1G5G
-7.60917,109.52018,I744
-6.46267,107.83734,1J3I
-3.92811,119.85994,R587
-4.11398,120.02793,R606
-7.4224,111.01642,O900
-3.03592,104.77975,P787
-8.64049,116.41086,1SX1
-8.58692,116.4804,1SW8
-6.35929,107.39393,1JO1
-7.80213,110.38833,O910
-6.58515,106.74587,X967
-7.35842,110.51609,O892
-7.67395,110.60071,O894
-1.96697,110.0995,1PW1
-6.90271,108.51523,V893
-6.36389,108.02516,V894
-6.9578,106.95922,2JK1
0.86505,109.09956,1PU2
-2.97053,104.77976,P074
-5.36458,105.30176,L667
-6.06377,106.1195,2GK4
-3.40983,115.98449,1G7F
-6.19687,106.87526,JB83
-7.12628,113.14495,U953
-7.31636,110.5019,O922
-7.8731587,111.3326006,2A1Y
-7.67028,110.77515,O906
-6.33977,106.88067,X955
-7.01874,107.5265,B796
-7.20286,113.23455,U944
-6.49329,108.39842,V786
-6.36947,106.95664,EB26
-6.19135,106.85683,JC15
-3.33132,115.92265,1G3F
-8.09636,111.64158,M1N9
4.63192,96.85252,W606
-8.09689,112.53506,M1R5
-8.76799,116.38995,Q299
-6.22094,106.91059,J030
-7.67876,110.5808,O887
-8.04549,111.65656,M1J3
-6.15515,106.20472,2GJ6
1.6658,125.06017,1Y2B
-7.85496,113.93281,Y421
-7.79014,110.3548,O919
-8.08904,112.12689,M1O4
-7.39195,109.25947,I211
-6.84532,111.05547,2AV2
-6.90995,107.83057,BG27
-6.11629,107.36049,1J9C
-6.24833,106.81498,1MR2
-7.81955,110.39747,O859
-6.395,106.14094,2GG7
-10.16074,123.63153,U874
-5.62532,104.37463,1VG3
-7.54612,110.84125,O488
-7.81832,111.49968,O272
-6.23377,106.88375,J393
-6.40445,106.84099,X340
-7.8172,110.24722,O835
-6.0912,106.1552,TB01
-7.53862,110.64652,O227
-7.21575,113.32134,U915
-6.56676,106.79413,X938
-6.89323,108.05352,BG18
3.63763,98.77725,W561
3.74829,98.4769,W196
-5.17257,105.70308,L065
-8.64414,117.4388,1S85
-6.37542,107.57502,1JO2
-6.74495,108.42498,V660
-6.6015,106.76565,X814
-6.1402,106.2894,T030
-7.45745,109.28984,I176
-4.11645,104.18586,1V36
-6.12961,106.15299,2G50
-6.23646,107.04234,C971
-6.13709,106.13281,2GF8
-6.89229,109.60944,H885
-6.84991,110.80442,H906
-6.96947,110.4086,HA53
-7.1736,109.59108,H940
-7.52922,110.6017,O297
-6.25477,106.54147,TD48
1.49646,124.87895,1Y92
-7.90412,112.66351,M961
-7.01533,109.50753,H849
-4.71486,104.44656,L275
-6.94944,108.13184,BE70
-6.84874,107.91446,BG12
-6.18026,106.854,J176
-6.23019,107.10404,CG41
-6.33663,107.04348,C568
-7.69119,109.00587,I616
-8.73866,115.17309,Q493
-6.31271,106.82571,KB59
-7.63471,110.72132,O546
-5.36911,104.89707,L483
-6.24567,107.16551,CE23
-2.91275,104.61631,P584
4.72055,96.8725,W554
-6.15732,107.29089,CA62
1.05314,103.97793,2D98
-3.01056,104.73017,P750
-7.19817,108.50404,B842
-6.88631,109.15587,V434
-7.06067,112.27727,2AK1
-6.26127,107.57362,1J34
3.64026,98.69667,W261
-5.17968,119.40608,R451
-7.00609,106.79754,2J23
1.28834,124.88388,1Y72
-7.66743,110.75315,O836
-6.32877,107.41154,1J5A
-4.13099,104.15878,P084
-6.54917,107.64961,N394
-7.35485,108.27191,BG11
-7.53636,112.2191,M1M2
-7.15565,112.29816,2AW3
-8.43222,114.33812,Y004
-0.06412,109.37979,1P19
-8.57001,116.53313,1SV2
-7.98786,110.93454,O541
-7.9412,112.6015,M463
4.01544,98.28768,W204
-5.65565,119.72119,R309
-7.80713,112.08894,M174
-5.35722,104.98455,L334
-7.6448,112.91338,Y205
-6.50545,107.56911,1J9B
-2.44768,111.01878,1PT1
-2.96216,104.71926,P777
-7.56907,110.89721,O618
-6.46103,106.66672,1MB6
-6.27937,107.33116,1JF6
-6.18379,106.81231,KD33
3.53036,98.75057,W496
-2.00225,113.7599,1G9D
-8.59081,116.20197,1S56
-6.5441,106.38983,2GH3
-2.88632,104.7066,P668
-7.17214,108.42132,BC26
-7.11548,113.10287,U895
-6.84829,108.64748,V228
-3.99476,104.72089,P009
-2.94952,104.74745,P143
-7.57069,112.34705,M1M3
-6.2445,106.69805,AA77
-7.6673,110.52656,O864
-6.48636,107.48053,1J31
-6.47444,106.78958,X812
-7.16977,112.19851,2AH4
-7.6017,110.61767,O852
-7.02083,110.33674,H779
-6.5313,106.5127,X713
-7.78165,113.18794,Y131
-6.28486,106.76056,A064
-6.84816,107.92754,B082
-7.07869,111.09114,H073
-6.45882,107.93855,V115
-7.28715,112.21908,2AU9
-2.67803,111.6336,1GZ6
1.14185,104.11657,2DF4
2.98133,99.06194,W501
-7.7739,110.69754,O846
-7.7416,110.56315,O856
-6.9437,108.48762,V844
-7.36818,112.7633,U003
-7.25521,112.76556,U102
-7.73927,110.58421,O839
-8.56282,115.30103,Q050
-8.68106,115.20724,Q011
-7.43971,108.76051,I345
-7.26359,112.66694,U916
-8.67984,115.19307,Q521
-0.00973,109.29717,1PQ5
-7.46412,112.42211,M924
1.479,124.97211,1Y29
-3.3966,114.66176,1GC2
-8.16581,111.96647,M885
-6.55802,107.81799,1JE7
3.61395,98.696,W429
2.95504,99.05901,W123
-6.29775,107.8205,1JX9
-6.91421,107.66181,B748
-7.70444,110.72967,O840
-2.9453,104.68715,P752
-6.77901,110.62204,H993
-6.13239,106.53502,TE97
-7.02822,108.57266,V866
0.60182,101.02229,1A1P
-6.25435,106.52515,TC41
-6.92069,109.51585,HA80
-4.03566,119.62615,R565
4.47748,97.95789,W487
-8.43456,114.22628,Y027
-5.4552,105.39152,L649
3.5673,98.63284,W092
-6.8134,106.74018,2JH2
-6.81416,107.24647,2JH1
-6.21605,106.20727,2GH9
-3.55756,114.74672,1G6D
-8.52171,116.94237,1SM4
-5.42977,105.23743,L642
-7.20967,113.25697,U889
-7.69875,112.87676,Y187
-6.36004,106.7139,1MX1
0.74949,124.61013,1YM1
-6.30661,106.78144,1MW8
-5.39093,105.28654,L660
0.60836,123.08134,1YQ9
-8.07543,113.23694,Y335
-6.49639,107.11927,JB66
-7.43122,110.97932,O843
-8.54446,115.1416,Q579
-3.89777,114.80769,1G7C
-7.5635,112.27778,M1K4
0.56754,101.45326,1A03
-6.94933,107.62561,B732
-6.15812,106.83284,J664
-6.298,106.85628,X942
-6.33704,107.66495,1J6C
-6.42739,107.21405,1JM4
-6.22677,106.72015,AB79
-8.26246,113.64964,Y056
-2.5296,112.96,1GQ7
-6.97541,107.58668,N830
-6.95219,107.59452,B876
-6.63709,108.43754,V821
-7.54659,110.67879,O298
-7.67207,110.67702,O406
-6.15035,106.95592,CG49
-6.6886428,111.0703088,2AY8
-6.86839,109.0477,V703
-8.00654,112.7614,M001
-5.42031,104.7338,L071
-7.81688,110.38308,O851
-4.28383,105.22532,P348
-7.00574,107.63071,B941
-3.37789,104.83267,P279
-7.22322,110.43137,HB14
-7.45605,107.59907,B557
-7.05609,110.43874,HA89
-6.88199,107.17215,2JH8
-6.82266,107.12801,2JI1
-6.29708,106.76049,1MX4
-6.37661,106.75332,1M66
-6.98117,110.61246,H963
-6.48687,106.7954,XA25
-8.48631,117.41505,1S89
-2.8938286,104.6802477,P865
-6.26113,106.71045,A047
-7.836431,110.312615,O988
-7.42001,109.20052,I015
-5.5219156,119.5048936,R653
-7.5370903987628,108.85929024572,I775
-7.62659,111.33205,2AL4
-6.34476,106.7776,X655
-7.62373,109.14785,I777
-6.64466,106.8398,X169
-8.35455,114.61005,Q641
-6.24952,106.78364,1MA2
-6.32196,107.82192,N297
-7.39881,111.44387,O246
-6.33095,106.07945,T446
-7.89227,112.65928,M459
-7.0492108,110.8411439,2A4L
-5.35701,104.7937,L557
-3.0128612,104.8210044,P871
3.52424,98.67716,W427
3.6152,98.60549,W475
-7.85772,110.14683,O698
-6.22112,106.43916,T133
-7.18766,107.67202,BG91
-6.15358,106.85375,JB18
-6.99192,106.68041,2J77
0.32345,108.97128,1PN1
-5.13355,119.49806,R640
-6.97141,107.55682,N587
2.96016,99.05031,W258
-6.31908,106.96309,EB62
-7.24203,112.75236,U177
-5.16568,119.45963,R217
-6.32833,106.39386,2G25
-7.0639139,109.8511175,HB91
-7.04913,112.72958,U887
-6.78507,106.61755,2JQ2
-8.09824,113.09023,Y382
-7.33323,112.79431,U808
-7.37392,110.7614,O559
-8.78465,115.19581,Q323
-6.86764,107.08924,N674
-8.20866,114.36756,Y010
3.55904,98.86109,W491
-1.77939,110.46733,1PT2
-6.90635,107.58723,N740
-6.75259,108.55046,V080
-6.5368642,106.7280676,XA41
-7.00707,109.06747,I615
-3.91531,119.94018,R456
-8.7003,116.10193,1SH1
-7.70294,110.28152,O762
-7.70416,110.38657,O971
-7.19857,109.30335,HB72
-6.78816,108.64653,V267
-6.26368,106.83038,1MN7
-6.0938243878881,106.75045397133,TG44
-8.6366094949995,115.20298679201,Q665
-7.19471,110.42616,HB11
-6.11031,106.53451,TD19
-6.8929,107.36019,N783
-6.46755,108.45521,V302
-7.9337,112.60308,M608
-8.20832,113.44809,Y119
-8.26778,112.69326,M816
-6.95541,107.64388,B630
5.55581,95.3306,W520
-3.65563,103.77201,P305
-6.20741,106.79058,KE71
-6.21625,106.82436,K930
-3.7152,115.60955,1G8I
-5.12918,119.4276,R433
1.17884,124.8843,1YJ1
-8.6882481,115.1714017,Q650
0.52976,101.44904,1ACG
-7.13897,112.33751,U418
-7.72031,109.99521,I400
-6.91212,107.5735,B849
-6.8364,108.25058,V090
-7.7118935,110.6953241,O997
-8.04613,112.30626,M145
-7.0327571625492,109.60158870881,HC01
0.3892732,109.958846,1P2Q
-4.7301235,104.5473174,1VM5
-3.27795,115.02755,1GP6
-8.36871,114.66963,Q638
-7.15413,109.4304,HB83
-4.17989,105.52824,1V19
-7.62802,112.18693,M730
-6.89658,113.47981,U271
-7.36573,112.62794,M719
-7.61525,111.07721,O050
-6.85325,108.56341,V638
-0.12459,102.15375,1AR3
0.386573,109.9663534,1P1V
0.2793,109.07035,1PB4
-7.02923,110.45902,H830
-7.9169,113.84366,Y213
-7.5431,112.69893,Y402
-3.01728,104.81038,P859
-7.30718,112.78077,U458
1.4659,102.11203,1A0Y
-5.09744,105.24643,L141
-4.19889,104.56231,P410
-7.03104,107.7848,BC07
3.5047,98.79079,W361
-6.23474,107.0316,C345
-8.5410203921054,118.69264176898,1SCR
-7.63314,112.30243,M1J6
-5.0758295066082,105.52590055425,1VL1
-3.30409,114.60247,1GE3
1.44714,125.13527,1YB5
-5.35667,105.2873,L596
-5.46674,105.53713,L696
-6.98699,107.27536,N732
-6.69559,111.44113,2A3Q
-6.15756,106.17936,2GP4
-3.32339,114.56953,1G55
-6.91444,108.73708,V429
-6.17758,106.75779,K293
1.456717,124.813319,1Y5A
-7.71968,110.56793,O824
-6.79602,107.16139,N680
-8.58246,115.18049,Q373
-7.764483,110.405707,O989
-6.52394,106.80814,X802
-7.58856,108.9144,I460
-6.97092,111.71531,U398
0.83005,110.43221,1P1A
-0.08261,109.35295,1PY6
0.53804,101.45404,1ABP
-6.68832,107.32102,1J9K
-5.39652,105.30141,L704
-6.15889,106.86753,JA54
-7.96373,112.58613,M1S7
-7.02525,113.85493,UA24
-8.2799,115.35748,Q550
-1.25553,115.11716,1G8H
-8.57137,116.56112,1SBO
0.83371,112.93151,1P1D
0.66969,101.59043,1ABM
-4.4587,104.42862,1VI8
-5.17387,119.45026,R615
-6.22693,106.77202,KD71
-7.30612,110.4882,O870
-4.14479,104.30709,P028
-1.84925,103.02221,1DE3
-6.19861,106.73803,KA82
-8.14551,111.86018,M1V1
-3.34921,114.55957,1G1I
-6.55319,106.7654,XA02
-7.07046,107.96253,BC85
-7.24476,112.58589,UA04
-7.74552,109.5875,I084
-7.73596,110.43477,O968
1.02815,103.95873,2D26
-6.29749,106.61962,TF86
-8.635457503465044,115.22647743405474,Q627
-8.77424,116.52032,1SAZ
-6.7980659,111.3754651,2A2M
-8.11367,112.0083,M1S6
-6.33802,107.17987,CG90
-5.85855,105.74359,L706
-7.91265,112.65653,M005
-8.05938,111.94203,M661
-0.82377,103.46131,1DQ7
-4.44273,104.19495,1VJ3
-8.67735,115.23799,Q607
0.28912,110.24889,1P69
-7.0462,109.13129,V365
-7.56802,108.77622,I235
-6.34299,106.92956,ED94
-6.84846,108.03894,BG22
-6.35279,106.63831,T513
-6.16963,106.79574,K581
-6.21947,106.85923,KE52
1.06662,104.22669,2DM4
-7.80517,110.36946,O948
0.64214,110.38253,1PY3
1.30375,124.83136,1Y02
-8.62604,115.16503,Q560
3.622,98.67032,W532
-6.71793,107.23989,2JO2
-6.94673,107.71902,BG92
-8.31652,113.48086,Y060
-7.76597,113.22797,Y100
-8.00868,110.31871,O967
-5.34504,105.23357,L712
-5.54134,119.96261,R616
-7.29892,108.20122,BG63
-8.01632,112.63442,M1V5
-7.24894,106.64167,2JB3
-6.35637,108.37484,V793
-6.88,106.94731,2JD8
-8.61364,117.56574,1SS8
-3.91427,119.76796,R637
-7.48174,108.60183,B832
5.20355,96.70754,W637
-6.48667,108.1807,V460
-1.6354,102.88828,1DE9
-1.64193,103.58953,1DD5
-6.98126,110.13419,HA24
0.90364,101.23457,1ABU
0.86558,112.92488,1PX7
-7.61747,110.70016,O953
-5.10617,119.52286,R632
-1.66137,103.5971,1DR2
-7.32379,109.35696,I763
-4.2212,105.62116,1VC1
1.67141,101.44826,1ABG
-6.9167344,112.3499207,2A2N
-6.2051,106.57199,TG33
-7.31122,112.6777,U828
-1.27087,103.05928,1DQ9
-6.70929,108.12331,BG77
-0.90126,131.32227,UA44
-8.45657,118.73278,1SBH
-7.02371,107.54895,N872
-6.9505,110.69212,HA51
-7.55539,110.8763,O325
-6.51069,108.46524,V917
-5.5459,105.49454,L700
-7.81403,110.31829,O966
0.24405,111.78487,1PX8
-6.28039,106.63461,T773
-6.19727,106.75091,KA27
-8.78895,115.17731,Q222
-5.56154,105.54849,L714
-7.26002,108.60914,I735
-6.76556,108.56576,V640
-6.95943,109.74394,HB27
-8.56192,118.69714,1SAH
-8.47235,118.75633,1SAO
-5.55838,119.97932,R617
-8.4553127683369,118.68198607102,1SCF
-6.53451,106.78939,X985
-8.68251,115.2155,Q003
0.05835,111.64156,1PT4
-8.57187,115.13936,Q580
-5.53179,105.44786,L444
-7.64303,112.89432,Y178
-6.93314,107.72353,BG52
-6.38199,107.36773,1J3H
1.13692,109.69507,1PS9
-6.32083,106.64185,TE90
-6.56048,107.43016,C608
-6.46098,107.73204,1J4I
-3.32459,114.6109,1G5H
-7.81824,113.7578,Y437
-5.3639,105.00379,L692
-3.99328,105.39104,1VE8
-6.91169,107.7026,B077
-6.89748,109.74616,HB38
-8.64697,116.53047,1SAJ
-8.1337,112.03347,M1S4
0.97181,110.35333,1PP7
-0.97515,114.89623,1G2I
-7.0257329,110.8930601,2A2P
1.77071,101.351,1ABQ
-3.7658,102.28065,P835
-7.9218,112.12693,M204
-3.45901,114.77412,1GX7
-6.20485,106.07242,T482
-7.05375,110.6669,H117
-8.66384,116.48835,1SX9
-7.52946,112.43141,M1O6
-5.20107,103.94268,1VH7
-7.20016,107.59037,BG81
-7.52862,112.59623,M583
0.6773,101.58887,1ABL
-6.55187,106.63899,X998
-8.63109,116.34654,Q132
-6.65265,106.80236,X947
-4.84479,105.44808,L085
-6.48683,105.80307,T462
-6.89996,108.71163,V889
-7.28596,112.35684,2A1E
1.67916,101.42843,1ABK
-8.29496,112.49798,M1U1
5.04523,97.33002,W617
-8.4651,118.74387,1SAF
-6.4871,106.72641,X995
-7.30561,112.42963,U991
0.08733,111.50539,1P1I
-7.01156,112.5126,U433
-8.63253,117.6068,1S59
1.25822,124.77734,1Y88
-1.02946,102.87189,1DQ6
-1.90182,113.28397,1G7G
-7.31453,112.21806,2A1F
-7.18097,112.39371,2A1G
-8.77359,116.47623,1SAV
-7.00677,113.845,UA31
-7.90482,113.82418,Y436
-5.39944,105.24433,L584
-6.51997,108.2497,V916
-6.25449,106.69011,TG10
-7.15337,113.47546,U255
-7.0196,109.91782,HB48
-8.5966,116.52483,1SAL
-8.06369,111.87161,M1T6
-7.03225,109.67887,HB60
0.8738,124.00662,1YI6
-3.78925,103.53904,P825
-6.9812046,112.2905231,2A3B
-7.10259,112.37243,2AC4
-4.01891,104.72904,P441
0.01644,110.89565,1PD8
-7.532722,110.775499,OA07
-7.8423,110.16668,O482
0.80681,124.65495,1YM8
-6.62936,110.68371,2AJ1
-3.4456772,119.3648347,R659
-6.74231,107.04647,2J78
-6.34987,107.34607,CC18
-7.36589,109.63557,I361
-6.31193,107.34986,1J6L
-5.73831,105.78297,L656
-6.07174,107.16294,CG09
-3.44368,104.20905,P831
-8.110370994092,111.94846075017,M1V2
-7.57977,112.15564,M220
-5.99367,106.07642,2GM7
-4.16348,105.3777,1VH8
-1.2858587,103.4944208,1DR5
-7.72457,110.55609,OA05
-4.84116,104.88744,L497
-6.35294,106.03653,TB38
-8.5676453,115.1795187,Q655
-4.33228,105.15777,P347
-7.08473,107.46652,N880
-0.96138,114.89216,1G4I
-6.85643,107.47644,N881
-6.9197867,107.5607693,N889
-7.25252,106.62508,2JT1
-6.41339,106.87005,X683
-7.21289,108.91823,I524
-7.34756,109.34988,I764
3.51692,98.7753,W377
-6.55747,106.73528,XA13
-6.24752,106.92388,J527
-7.58073,110.81624,O120
-6.19846,107.00657,ED21
-6.65475,106.86201,X453
-7.80512,113.97511,Y434
-7.88523,113.89518,Y440
-3.84686,119.81882,R630
-6.75133,110.86079,2A4U
-6.90332,109.7321,H150
-6.87672,109.45987,H836
1.47366,124.84456,1Y59
-7.75518,110.49953,O145
-6.9527637,107.6615164,BH27
1.0355699,104.0509768,2DO6
-7.0514285,107.576561,BH23
-8.6107702,115.1991117,Q667
-8.6927540677678,115.22634013603,Q669
-8.6256022,115.2238186,Q677
-6.98148558,108.31116257,V982
-6.1436834,106.1753264,2GT1
-8.6974513,115.1857953,Q672
-8.6598366,115.2031336,Q680
-7.0064941469831,111.98705546013,2A6F
-0.8830957,131.280508,UB18
-8.6927279,115.1979893,Q704
0.4953015,101.4914079,1ADI
-6.91089,109.72832,HC43
-7.44772,109.394,I857
-6.1757415,106.7988032,KF07
-7.1176578,107.4348472,N913
-6.86464623,108.722009,VA04
-7.250064,110.066554,OA43
-6.9916805,112.112796,2A6V
-6.11594,106.77604,TH06
-7.03589,109.57141,HC46
-6.09578,107.395041,1J2V
-8.4492939175962,118.72621137156,1SFD
-8.6490124,115.2292422,Q709
-6.2888560497207,106.6512338834,TH11
-6.8980886,107.6040624,N909
-6.94802556228096,107.01755995149826,2JV9
-6.50662735,108.14571757,VA22
-6.3002741254902,106.68083388358,TH22
-6.25143,106.61837,TH23
-6.18364,106.77762,KF18
